Customer Age,Customer Gender,Product Purchased,Ticket Type,Ticket Subject,Ticket Status,Ticket Priority,Ticket Channel,First Response Time,Time to Resolution,Customer Satisfaction Rating
48,2,10,4,8,0,2,3,1347,2153,3.0
27,0,25,0,0,0,2,3,946,293,3.0
67,0,5,0,3,0,2,1,96,2356,1.0
48,1,30,1,3,0,1,2,2079,85,1.0
51,1,27,2,15,0,1,0,1452,1168,1.0
48,0,38,0,13,0,1,0,802,41,4.0
63,2,40,2,0,0,0,0,2327,1906,4.0
39,0,9,3,15,0,2,0,142,2428,5.0
30,2,12,4,12,0,0,2,39,740,5.0
67,1,40,1,2,0,3,2,169,2187,1.0
60,1,15,4,11,0,3,3,841,899,3.0
50,1,5,3,6,0,0,3,309,2193,5.0
24,2,16,1,12,0,1,0,989,117,1.0
19,1,18,4,0,0,0,2,2185,0,3.0
35,1,10,0,11,0,0,0,2399,1759,3.0
34,2,19,3,11,0,0,1,764,458,2.0
50,0,31,3,8,0,1,2,496,1164,1.0
27,0,16,4,15,0,3,3,918,733,1.0
64,1,21,3,15,0,3,0,1930,1284,3.0
54,1,28,3,8,0,1,3,295,2476,3.0
37,1,19,1,4,0,2,0,133,1277,4.0
27,1,5,4,12,0,3,2,1438,611,5.0
40,2,3,2,2,0,3,0,2336,155,3.0
40,1,37,1,13,0,3,0,104,1460,1.0
64,0,40,0,9,0,1,1,54,1536,4.0
49,0,16,0,11,0,1,1,656,1255,5.0
46,0,8,3,14,0,1,0,1439,27,1.0
34,0,11,0,5,0,2,0,594,452,4.0
36,2,12,1,9,0,0,3,2516,344,3.0
37,2,34,2,5,0,0,0,1742,357,1.0
63,0,12,0,4,0,2,1,2257,1830,5.0
24,1,33,3,15,0,2,3,732,2437,1.0
46,1,38,4,12,0,0,2,2106,786,2.0
40,1,39,2,12,0,3,1,40,440,5.0
60,1,5,2,1,0,1,0,89,2226,5.0
38,1,35,0,14,0,1,0,893,1764,5.0
40,0,4,3,1,0,0,1,428,1836,3.0
42,0,30,1,7,0,2,1,1396,2459,2.0
33,1,11,4,13,0,0,0,407,1039,4.0
60,0,1,1,10,0,1,1,436,1539,2.0
27,2,25,1,9,0,1,1,458,4,1.0
28,0,37,1,1,0,1,1,1255,742,1.0
20,0,41,1,15,0,1,1,2223,2178,5.0
18,1,17,0,13,0,3,2,135,600,5.0
41,0,12,0,15,0,2,2,575,1768,2.0
49,1,0,1,6,0,3,1,2,142,3.0
43,1,4,0,12,0,3,1,2519,1793,2.0
50,1,30,3,14,0,0,2,2019,30,5.0
66,1,33,1,13,0,0,1,961,203,2.0
21,2,1,4,8,0,2,0,1204,1140,4.0
58,1,0,2,11,0,0,0,68,867,2.0
47,1,22,1,13,0,0,1,1161,678,1.0
31,2,38,4,15,0,1,0,2491,649,2.0
22,0,3,0,11,0,2,3,1620,58,3.0
40,2,22,3,7,0,1,0,1078,1663,1.0
64,0,32,4,10,0,0,1,1950,2369,3.0
29,0,18,3,12,0,0,1,1846,848,4.0
29,0,19,3,13,0,1,2,448,1905,3.0
30,1,7,3,9,0,0,2,2531,1294,1.0
34,1,25,1,12,0,3,2,2255,1129,3.0
24,1,19,0,13,0,2,3,2309,2523,5.0
32,0,40,3,1,0,3,1,596,937,3.0
41,1,14,4,4,0,3,0,1520,775,3.0
30,1,39,2,8,0,3,2,1691,1356,1.0
44,0,25,0,13,0,2,3,1863,2216,4.0
42,2,33,4,4,0,3,1,1577,917,4.0
33,0,36,2,4,0,1,0,239,818,4.0
32,0,18,0,8,0,3,2,55,510,4.0
37,2,34,3,11,0,1,2,1895,947,1.0
58,2,16,2,0,0,3,2,2515,24,1.0
57,1,36,0,9,0,3,3,536,1445,2.0
30,1,24,3,4,0,1,0,406,9,3.0
60,0,1,1,13,0,0,0,195,2301,5.0
66,2,9,2,15,0,3,0,1514,2434,5.0
43,0,17,1,15,0,1,2,2080,2127,3.0
55,1,39,3,4,0,3,2,1647,1371,1.0
62,2,31,4,4,0,2,0,2557,2386,1.0
65,0,9,4,14,0,0,3,1206,1344,2.0
70,0,39,0,7,0,3,3,1640,706,5.0
35,0,33,4,12,0,1,0,1481,1,4.0
53,0,3,0,12,0,1,2,16,1938,4.0
66,1,27,4,6,0,0,3,1007,1300,2.0
40,1,41,3,14,0,0,2,1037,166,3.0
31,1,39,2,10,0,1,3,161,1082,4.0
66,1,32,4,4,0,2,3,1528,1192,5.0
55,1,41,0,11,0,2,3,1008,2569,2.0
35,1,38,3,11,0,1,0,1796,1742,3.0
19,0,34,4,13,0,0,2,442,1018,2.0
33,1,33,0,1,0,2,3,754,1389,5.0
48,1,26,2,6,0,3,0,741,114,2.0
46,2,39,3,2,0,0,3,1960,603,3.0
29,1,20,1,11,0,3,0,2390,1947,2.0
64,2,24,3,6,0,1,3,931,1933,3.0
63,1,40,0,3,0,0,2,1670,1623,1.0
39,0,5,0,14,0,3,0,2420,1729,4.0
21,2,3,4,15,0,2,3,137,38,5.0
33,1,7,2,14,0,0,0,1705,1931,2.0
35,0,32,0,11,0,1,1,699,1200,2.0
58,0,32,2,2,0,0,2,283,123,3.0
26,0,27,0,7,0,3,3,1372,1061,5.0
24,1,3,1,2,0,0,2,556,2105,2.0
44,1,2,2,10,0,3,2,153,286,1.0
53,0,2,1,15,0,3,0,1482,2515,5.0
32,0,15,3,10,0,2,3,2005,2387,2.0
53,1,31,4,10,0,1,3,1636,618,2.0
46,0,6,3,13,0,0,0,924,1156,2.0
46,0,27,4,1,0,3,1,98,242,1.0
30,0,16,1,9,0,1,1,765,703,2.0
18,1,3,4,2,0,2,0,950,89,4.0
27,2,28,1,15,0,3,1,1534,651,4.0
70,1,8,3,1,0,0,3,850,96,3.0
52,0,26,3,6,0,2,2,136,1395,4.0
45,0,16,3,12,0,3,0,584,1220,5.0
21,1,13,4,4,0,3,3,2121,2362,2.0
41,2,31,4,7,0,3,2,1275,80,2.0
45,1,41,4,11,0,0,3,1075,2001,3.0
33,1,34,2,3,0,2,1,1857,1343,1.0
21,1,38,1,2,0,2,0,1866,2502,5.0
52,2,19,4,8,0,1,2,689,2081,3.0
54,1,14,4,9,0,1,3,1893,890,5.0
28,0,20,0,1,0,0,1,51,2082,3.0
70,2,14,1,11,0,0,3,951,2063,2.0
47,1,7,3,7,0,1,1,1911,1302,2.0
52,1,28,1,14,0,0,0,2265,627,4.0
38,1,41,4,2,0,1,0,191,2455,2.0
42,1,31,1,8,0,3,1,798,1087,5.0
50,2,6,2,11,0,3,0,1531,1781,4.0
33,1,15,1,9,0,1,0,1781,2388,1.0
22,1,6,0,10,0,3,3,1388,907,3.0
24,1,34,3,0,0,3,1,1683,54,2.0
39,2,2,1,1,0,3,1,3,33,1.0
32,1,15,3,1,0,3,3,1763,2491,5.0
24,2,16,4,2,0,0,2,1300,1435,1.0
30,0,23,2,14,0,2,2,2335,2390,1.0
42,2,30,3,3,0,3,1,2154,3,4.0
37,0,16,2,10,0,2,1,900,1588,5.0
62,1,38,2,14,0,1,1,300,47,4.0
37,2,37,3,5,0,1,3,1030,1560,3.0
49,0,17,4,15,0,3,0,1881,1405,4.0
52,1,41,1,6,0,0,1,2036,51,2.0
22,0,0,0,3,0,1,0,1921,2088,4.0
19,2,7,4,5,0,1,2,682,2122,4.0
43,0,26,2,14,0,0,0,1925,1479,1.0
21,0,15,4,4,0,2,2,0,1069,2.0
51,0,37,1,2,0,3,3,1249,1107,3.0
67,2,17,0,7,0,2,2,387,7,1.0
69,1,4,1,1,0,0,3,1082,1591,2.0
49,0,11,2,11,0,0,1,1969,355,2.0
19,1,2,3,6,0,2,2,657,868,4.0
47,0,14,4,15,0,2,0,4,2451,2.0
35,1,32,3,6,0,1,2,2006,785,3.0
64,1,37,3,3,0,2,0,1793,1965,1.0
69,0,9,1,13,0,0,3,1216,1940,4.0
57,2,24,2,4,0,3,3,316,288,2.0
55,2,20,1,8,0,2,1,2414,2380,2.0
39,1,2,4,3,0,3,0,2049,606,2.0
36,1,8,3,4,0,3,2,676,1478,3.0
56,0,17,4,5,0,3,2,2028,1752,1.0
47,2,8,3,15,0,0,0,2475,729,1.0
21,0,29,0,0,0,1,3,1879,90,1.0
28,1,13,3,2,0,2,3,523,797,5.0
58,1,1,3,4,0,2,1,2490,1394,5.0
40,0,33,2,9,0,2,1,1475,1456,1.0
52,2,17,0,4,0,0,1,33,1629,3.0
51,2,9,2,2,0,3,3,756,1060,2.0
19,0,27,0,4,0,0,0,1569,872,5.0
38,0,15,1,8,0,2,1,640,48,2.0
65,2,30,3,3,0,0,2,2312,1509,3.0
42,0,36,1,14,0,3,2,1574,1319,4.0
60,2,8,2,0,0,2,3,1430,346,1.0
37,2,2,4,13,0,2,2,2534,138,5.0
70,0,8,4,3,0,0,0,2123,906,5.0
33,0,11,2,11,0,3,2,131,1505,5.0
66,1,5,0,0,0,0,0,1980,863,4.0
33,2,12,4,0,0,2,3,735,2485,1.0
66,2,38,4,7,0,3,2,690,1424,1.0
66,2,14,1,11,0,1,0,993,1974,5.0
59,0,8,0,6,0,0,2,2060,2131,2.0
43,0,39,4,2,0,3,2,1612,2038,3.0
40,1,4,2,11,0,1,0,1148,2000,5.0
43,2,9,2,1,0,2,2,447,1094,2.0
62,2,1,4,4,0,0,0,1919,1610,1.0
54,1,16,4,12,0,3,2,310,93,2.0
55,1,11,0,15,0,0,2,449,1547,4.0
21,0,28,2,0,0,0,0,1355,2179,3.0
38,2,29,3,1,0,2,1,1729,594,3.0
30,1,25,3,13,0,3,0,2540,994,1.0
52,0,6,3,5,0,0,3,369,2511,1.0
48,2,37,4,0,0,3,2,1725,1222,2.0
32,0,27,4,10,0,3,2,1693,2180,3.0
27,2,0,1,2,0,3,0,800,2011,3.0
18,1,33,3,5,0,2,1,25,2129,2.0
44,1,18,0,7,0,0,1,2530,1554,5.0
42,1,29,2,10,0,0,0,2018,2382,3.0
44,1,20,4,8,0,3,2,520,1458,3.0
20,0,39,1,2,0,1,2,629,226,5.0
46,0,9,0,10,0,1,2,2094,857,1.0
44,0,35,2,8,0,2,3,683,2094,4.0
25,0,0,0,8,0,3,0,1803,1259,2.0
32,0,37,0,3,0,2,1,1984,845,4.0
66,2,3,2,0,0,2,3,2429,402,1.0
27,2,35,1,15,0,0,3,487,757,2.0
24,1,25,3,13,0,0,0,1739,827,2.0
52,1,20,3,12,0,3,2,691,1885,2.0
44,0,33,4,3,0,1,2,404,535,5.0
68,1,21,1,3,0,0,2,1661,1517,3.0
37,1,14,4,2,0,1,2,124,1717,4.0
45,1,15,4,0,0,0,3,1202,2280,2.0
64,2,8,0,7,0,2,1,822,1776,4.0
48,2,23,3,14,0,0,1,932,307,5.0
27,2,18,2,7,0,0,3,665,1672,3.0
19,0,24,2,8,0,3,2,2288,1916,4.0
59,0,2,4,14,0,2,1,823,532,4.0
46,0,9,0,6,0,2,1,2464,247,5.0
39,2,37,2,0,0,3,0,1894,1928,2.0
19,2,9,0,6,0,1,1,2178,695,2.0
53,1,8,1,3,0,3,0,1059,1453,3.0
67,1,21,4,6,0,2,1,1890,173,1.0
31,1,35,0,5,0,1,2,2381,527,2.0
53,0,26,1,8,0,0,1,324,2223,5.0
67,1,24,3,14,0,3,3,8,1525,1.0
52,0,33,3,2,0,3,2,659,2057,3.0
43,2,28,3,15,0,1,1,282,1051,1.0
55,0,38,3,12,0,0,1,5,2007,1.0
57,2,31,4,2,0,1,3,82,1856,2.0
26,0,1,0,3,0,1,3,15,159,4.0
39,0,39,2,13,0,2,3,2394,1134,3.0
64,0,40,1,7,0,3,3,836,32,2.0
63,2,39,2,4,0,3,2,1282,253,5.0
28,0,30,2,15,0,3,1,477,2012,1.0
20,2,14,1,14,0,3,3,1401,382,3.0
53,1,29,4,5,0,0,2,222,1023,5.0
68,2,38,2,13,0,0,1,1987,568,3.0
39,2,9,4,3,0,0,0,544,660,3.0
28,0,37,2,10,0,3,2,773,78,2.0
68,2,8,0,5,0,3,1,2418,161,4.0
41,2,9,2,15,0,1,3,1397,446,1.0
22,1,6,0,14,0,0,3,1266,224,5.0
22,0,5,1,10,0,3,1,2150,14,1.0
63,2,39,4,4,0,0,0,345,180,5.0
37,2,12,2,14,0,1,0,1597,17,2.0
69,1,10,3,6,0,1,0,1183,2553,3.0
58,1,28,1,9,0,0,1,212,108,5.0
26,2,13,4,4,0,1,2,69,2194,2.0
70,2,22,2,12,0,1,1,715,1638,1.0
37,0,24,3,3,0,0,0,1321,163,5.0
30,0,31,4,10,0,2,2,1033,61,2.0
68,2,0,0,7,0,0,2,1252,1513,1.0
50,1,10,4,1,0,3,1,65,2169,1.0
29,2,22,1,4,0,1,3,34,1616,2.0
50,0,15,4,6,0,2,0,1924,2244,4.0
49,2,31,1,10,0,3,0,320,889,4.0
62,0,6,4,12,0,0,0,2504,1788,2.0
36,1,17,1,6,0,1,0,2523,1577,1.0
45,1,39,4,10,0,0,1,129,406,1.0
67,1,17,1,14,0,0,1,1968,2449,4.0
37,1,31,4,10,0,1,2,1521,190,3.0
47,2,27,4,8,0,0,1,234,2299,2.0
51,2,40,1,11,0,0,2,2460,800,5.0
37,0,34,2,9,0,3,2,1190,2329,4.0
26,2,32,3,7,0,1,0,77,2442,2.0
47,0,36,4,13,0,0,3,2430,1993,1.0
25,0,38,2,2,0,3,3,19,144,5.0
37,0,21,0,12,0,3,1,1019,1917,1.0
22,2,41,3,9,0,0,0,1,1056,5.0
29,0,10,2,6,0,1,0,209,1417,4.0
49,1,41,1,0,0,3,0,107,852,5.0
27,0,8,1,11,0,0,0,290,2201,5.0
19,0,38,3,5,0,2,2,410,2140,4.0
35,2,7,3,12,0,0,2,910,949,1.0
30,2,20,2,12,0,1,2,1318,336,4.0
21,0,13,1,15,0,0,1,779,2292,3.0
46,1,34,3,12,0,0,0,1102,1197,1.0
57,1,18,2,10,0,1,3,1435,966,3.0
28,0,37,4,10,0,1,1,784,2559,2.0
41,0,29,3,13,0,3,3,824,2343,4.0
27,2,31,2,6,0,2,3,138,2571,4.0
23,0,21,3,12,0,1,2,524,2361,3.0
29,0,23,1,6,0,0,3,1771,2002,3.0
19,0,14,2,15,0,2,1,1995,109,4.0
21,1,16,3,6,0,0,0,2468,1390,4.0
27,0,8,1,8,0,3,2,2447,1782,3.0
70,2,31,2,11,0,0,2,1468,1574,5.0
49,0,5,0,11,0,1,2,221,554,4.0
53,0,13,3,5,0,2,1,1674,1996,1.0
29,0,37,3,5,0,3,1,526,903,5.0
69,0,28,0,1,0,1,3,2379,411,3.0
67,0,41,0,7,0,1,3,2003,2333,2.0
52,2,34,2,9,0,3,2,1560,668,5.0
25,2,16,3,5,0,3,3,555,1576,3.0
23,2,28,3,0,0,2,1,457,1758,2.0
26,0,9,4,11,0,3,0,2552,550,1.0
30,0,4,1,14,0,1,2,83,1488,5.0
33,1,8,3,6,0,0,0,145,586,3.0
48,0,6,1,12,0,3,2,1816,2308,3.0
45,2,0,4,9,0,1,2,1917,1820,5.0
19,0,3,0,3,0,1,0,1452,94,2.0
21,1,37,2,12,0,0,1,1178,1398,4.0
18,0,7,0,10,0,0,2,2229,1432,5.0
37,0,39,4,13,0,2,3,1292,316,2.0
33,0,22,4,15,0,3,2,181,1767,4.0
35,2,26,3,13,0,0,2,2182,2543,2.0
69,0,39,0,2,0,2,3,2116,1955,5.0
30,2,17,1,3,0,1,0,2442,709,5.0
32,1,6,4,8,0,2,2,1865,1953,4.0
29,0,28,0,0,0,0,0,1313,1512,3.0
54,1,7,1,6,0,0,2,80,2,2.0
25,0,14,3,8,0,0,3,1974,2398,2.0
29,2,28,2,1,0,1,3,1366,1085,4.0
34,0,14,1,5,0,3,0,776,1891,2.0
48,0,4,4,10,0,1,1,60,565,4.0
43,1,4,2,4,0,1,3,2306,68,3.0
47,0,5,0,9,0,1,0,351,1296,4.0
46,0,35,0,6,0,0,2,2553,2062,1.0
60,1,20,4,6,0,3,2,141,1581,1.0
58,1,32,2,11,0,1,2,354,64,5.0
53,0,26,4,10,0,0,3,666,1667,3.0
41,1,17,1,4,0,3,0,1284,122,2.0
63,1,32,1,0,0,2,1,1293,1702,5.0
50,2,28,4,9,0,3,1,1163,74,4.0
64,2,26,1,8,0,3,0,721,1570,3.0
24,2,0,2,5,0,3,2,1513,504,5.0
30,0,20,1,12,0,2,0,2275,1068,3.0
20,0,7,1,6,0,0,2,1413,1779,5.0
64,2,39,2,8,0,3,3,111,989,1.0
65,2,4,2,1,0,3,1,2093,1936,1.0
33,0,4,1,6,0,2,1,707,1603,5.0
36,2,7,0,1,0,1,0,1319,2205,5.0
66,2,41,0,9,0,2,3,1767,768,3.0
36,0,36,4,4,0,3,1,2239,1206,3.0
21,1,25,4,11,0,0,3,37,728,4.0
57,2,41,0,5,0,0,3,167,443,1.0
43,1,3,0,9,0,3,2,541,1074,4.0
68,1,15,0,0,0,1,0,1851,2398,5.0
67,2,6,3,14,0,3,0,2572,2217,3.0
20,1,2,0,8,0,0,1,411,925,4.0
62,1,41,3,14,0,3,3,2431,1103,3.0
51,2,33,0,11,0,1,3,881,246,2.0
38,1,25,3,7,0,2,0,1495,944,5.0
64,2,26,3,9,0,1,1,451,333,4.0
59,2,35,2,0,0,0,2,331,2142,1.0
48,2,13,1,14,0,3,0,728,278,2.0
39,2,6,1,6,0,0,2,1503,2347,2.0
29,2,41,2,8,0,0,2,781,1342,5.0
60,2,26,1,5,0,0,2,853,2099,1.0
67,0,39,4,9,0,3,2,13,1921,1.0
44,0,38,3,7,0,3,1,633,770,5.0
31,0,7,4,15,0,2,2,1996,1223,4.0
47,2,29,4,4,0,2,0,391,2039,5.0
56,0,6,0,1,0,1,0,339,619,2.0
69,0,15,3,4,0,3,0,891,1158,1.0
64,1,21,2,12,0,1,0,2231,2006,4.0
53,1,29,2,4,0,1,1,2126,1454,2.0
42,1,26,2,11,0,1,0,111,398,4.0
57,2,24,3,2,0,0,3,2411,1406,2.0
52,0,27,2,5,0,1,2,2548,573,3.0
64,2,30,2,8,0,3,2,1127,1260,4.0
66,1,38,2,8,0,3,2,2050,1481,2.0
67,0,16,3,5,0,2,0,72,1777,5.0
49,1,23,3,15,0,2,1,417,2107,4.0
41,0,36,1,2,0,3,3,968,1749,4.0
52,1,27,1,12,0,2,0,710,1041,5.0
34,2,25,3,11,0,3,0,717,519,1.0
20,2,2,1,3,0,3,0,2308,2256,2.0
40,0,22,0,5,0,2,3,515,1486,3.0
44,0,33,0,2,0,2,2,2047,18,3.0
37,2,20,3,10,0,2,3,1922,2310,2.0
67,0,41,1,15,0,0,0,600,1012,4.0
19,2,32,2,1,0,0,3,1953,1006,5.0
36,1,28,1,0,0,2,1,199,2371,1.0
41,2,17,2,6,0,2,1,2081,902,4.0
25,0,11,2,9,0,0,3,176,1217,4.0
33,0,17,4,14,0,0,3,12,271,5.0
21,0,8,3,15,0,1,3,1114,859,5.0
23,2,31,4,13,0,1,3,2252,1368,4.0
62,2,10,3,1,0,3,3,567,296,1.0
36,1,21,4,15,0,3,3,761,454,2.0
43,0,40,4,4,0,0,2,667,1219,2.0
43,2,25,2,9,0,1,3,1933,2473,4.0
49,2,36,0,8,0,1,2,919,1269,2.0
21,1,7,3,13,0,1,3,254,2528,2.0
21,1,14,0,8,0,2,3,2488,1811,2.0
18,0,40,3,6,0,0,2,1263,44,5.0
53,0,22,4,5,0,3,0,35,1049,5.0
25,2,37,1,12,0,3,2,1589,401,5.0
68,0,13,2,3,0,3,1,2037,1577,4.0
66,0,1,4,8,0,1,1,1645,2152,2.0
25,1,15,1,12,0,1,2,969,1612,1.0
39,1,30,1,8,0,2,0,1192,2370,4.0
42,1,38,0,13,0,3,0,2333,308,2.0
38,1,25,4,13,0,1,0,2086,2288,5.0
54,0,40,0,5,0,1,0,2111,2034,4.0
54,0,38,4,8,0,3,1,1124,1030,5.0
21,1,9,3,12,0,0,1,332,116,3.0
49,0,5,1,0,0,3,0,99,763,5.0
38,1,16,4,7,0,2,2,1299,2393,2.0
35,0,41,1,9,0,0,3,2412,1189,4.0
54,2,11,3,5,0,2,3,2511,386,5.0
27,0,12,3,4,0,2,2,1043,2190,5.0
52,0,21,0,7,0,3,1,1791,1997,5.0
31,2,2,2,9,0,3,2,1416,1596,3.0
65,1,16,0,7,0,1,0,1144,1698,4.0
24,2,22,3,11,0,0,1,388,2592,5.0
30,0,41,1,9,0,3,0,2313,213,5.0
58,2,3,0,15,0,2,1,1217,624,5.0
58,2,37,1,6,0,0,1,2293,2042,4.0
66,2,0,1,3,0,0,3,1448,451,1.0
19,2,7,1,8,0,0,1,196,2566,1.0
50,0,19,0,1,0,2,2,2302,700,5.0
38,0,30,3,3,0,1,3,2480,125,1.0
40,1,22,0,12,0,1,2,2324,1800,3.0
38,2,16,4,7,0,1,3,27,2215,2.0
56,2,18,3,0,0,3,1,390,305,5.0
35,1,37,4,7,0,2,1,1454,75,5.0
62,0,26,0,8,0,0,3,1938,2447,5.0
27,2,11,4,8,0,2,0,2500,2021,5.0
62,0,9,0,2,0,1,2,852,1998,4.0
47,1,22,1,5,0,0,0,1477,1328,1.0
25,1,13,0,3,0,0,3,530,302,2.0
29,0,5,2,4,0,0,1,1221,1786,1.0
48,0,20,0,11,0,3,1,377,1586,4.0
53,2,10,3,1,0,3,1,623,1732,1.0
48,0,17,2,11,0,0,2,1750,2471,1.0
50,2,10,1,6,0,0,0,2443,139,2.0
21,1,25,1,10,0,3,1,491,702,5.0
66,1,1,0,15,0,2,3,739,985,2.0
63,0,23,0,8,0,1,2,695,284,4.0
63,1,35,3,13,0,2,3,916,1653,2.0
66,0,20,1,10,0,1,2,538,1120,4.0
63,2,24,3,5,0,0,0,1137,470,3.0
59,1,25,0,9,0,3,1,1966,1034,5.0
56,2,6,2,12,0,0,3,2299,744,4.0
65,0,36,3,15,0,3,3,419,644,1.0
28,0,34,1,15,0,0,3,2400,369,3.0
67,1,21,3,8,0,1,2,2455,672,5.0
40,0,8,3,3,0,3,0,357,25,1.0
34,0,30,4,8,0,2,0,1665,762,1.0
55,2,8,4,1,0,3,0,2199,2028,2.0
38,0,27,2,1,0,3,2,1123,1053,3.0
38,1,5,4,8,0,2,2,1377,749,3.0
69,0,38,2,1,0,2,2,247,2219,5.0
70,1,14,0,2,0,1,0,1092,13,5.0
31,1,41,0,14,0,2,1,277,146,5.0
33,0,14,0,9,0,0,2,734,134,5.0
45,0,25,3,3,0,0,1,443,5,5.0
20,1,15,2,8,0,2,3,170,1226,2.0
51,0,35,0,8,0,0,0,1662,684,2.0
64,0,9,3,11,0,1,0,966,371,4.0
46,0,18,4,13,0,1,3,2168,988,1.0
18,1,21,3,2,0,0,3,2012,534,4.0
69,1,32,4,9,0,2,2,2594,1070,5.0
46,0,41,0,11,0,1,0,18,239,3.0
58,2,25,3,10,0,1,2,1565,2376,1.0
45,1,34,4,4,0,2,0,878,2600,2.0
36,1,24,0,1,0,1,0,75,1841,3.0
51,1,0,1,11,0,3,2,172,784,3.0
46,1,5,4,3,0,0,3,1673,1306,5.0
30,0,32,3,11,0,2,0,2358,19,1.0
46,1,17,0,2,0,3,3,2413,2411,3.0
36,1,16,2,9,0,1,1,476,1882,3.0
49,0,16,1,5,0,1,1,2361,1429,1.0
65,0,36,2,8,0,0,1,1274,2257,5.0
31,1,29,4,0,0,2,3,126,245,2.0
45,2,34,4,9,0,1,3,76,1840,1.0
36,1,14,0,1,0,2,2,2542,6,2.0
66,1,2,0,11,0,2,2,655,223,4.0
52,0,29,3,1,0,3,2,1716,2427,2.0
61,2,32,0,7,0,3,1,882,98,4.0
32,2,28,0,6,0,0,2,1936,2570,5.0
67,0,27,4,4,0,3,1,2104,202,1.0
59,1,27,1,8,0,1,1,1180,433,5.0
67,2,3,4,6,0,0,3,1961,951,3.0
58,2,32,4,8,0,1,1,1201,993,5.0
30,2,41,0,4,0,2,2,1834,1492,2.0
33,2,7,3,12,0,2,1,1470,916,1.0
46,1,28,0,4,0,3,1,2282,2506,5.0
29,1,18,4,12,0,0,0,1864,2236,3.0
63,1,21,3,4,0,2,3,915,1932,3.0
69,1,8,1,9,0,1,1,1819,1184,2.0
35,2,11,1,13,0,0,3,2124,1735,4.0
34,2,11,0,7,0,1,3,1713,2401,5.0
29,0,21,3,14,0,2,2,941,1842,2.0
34,1,18,3,9,0,3,3,109,2033,5.0
34,2,33,2,9,0,3,2,628,449,5.0
56,0,6,4,13,0,0,3,1433,1904,4.0
34,0,11,1,13,0,3,0,59,1011,4.0
28,2,21,1,7,0,3,1,17,325,4.0
33,0,17,3,13,0,0,1,78,464,2.0
30,1,3,1,10,0,1,2,1599,351,3.0
50,0,38,2,11,0,2,2,2506,1784,4.0
49,0,0,4,13,0,2,0,1497,1630,3.0
58,0,23,3,0,0,1,2,529,237,1.0
49,2,32,2,12,0,0,1,2176,2589,5.0
34,0,16,3,4,0,3,2,2181,2472,3.0
55,2,10,0,13,0,2,3,622,1716,4.0
58,2,37,1,1,0,2,0,2293,2304,5.0
59,0,5,2,11,0,1,1,1456,1291,2.0
57,1,2,4,4,0,1,0,1901,1942,2.0
39,1,9,1,1,0,2,1,2215,608,3.0
26,1,1,1,6,0,0,1,1578,2291,5.0
21,2,24,2,8,0,1,1,967,1775,4.0
23,1,1,3,6,0,2,3,579,107,5.0
70,2,39,3,15,0,1,0,422,2181,1.0
36,0,13,4,10,0,2,2,1004,2156,1.0
68,0,17,3,14,0,2,1,706,1194,4.0
66,1,6,2,12,0,3,1,1667,2338,4.0
50,1,2,4,15,0,3,2,962,990,5.0
33,0,37,4,8,0,0,3,231,1804,1.0
46,2,21,4,6,0,1,0,278,50,3.0
54,1,13,2,15,0,0,3,62,1848,3.0
29,2,27,0,7,0,1,1,1906,222,2.0
20,1,4,4,9,0,1,0,2365,2077,3.0
64,0,14,2,14,0,1,3,977,1313,4.0
47,2,16,4,6,0,0,3,2071,378,1.0
25,1,22,0,4,0,1,3,1182,1297,4.0
38,0,4,4,4,0,3,1,2246,1439,2.0
62,0,6,4,15,0,3,0,1687,136,3.0
23,2,11,1,12,0,2,2,789,49,4.0
61,0,0,0,10,0,0,1,947,1375,2.0
55,0,39,4,12,0,2,0,1993,1766,1.0
61,0,29,1,11,0,2,3,1628,1409,5.0
53,1,30,2,10,0,2,3,722,36,1.0
56,1,13,3,5,0,1,1,6,1544,1.0
27,1,7,2,15,0,3,0,250,2295,5.0
31,1,20,4,2,0,1,1,978,1821,4.0
39,0,8,0,4,0,1,1,1532,739,3.0
48,0,3,0,12,0,0,3,2495,574,1.0
34,1,35,4,9,0,0,3,84,959,4.0
30,0,30,4,1,0,2,0,895,1029,5.0
66,2,27,1,9,0,3,3,1838,679,3.0
56,0,30,3,0,0,3,3,58,1908,2.0
47,2,2,1,14,0,0,2,740,953,1.0
60,0,12,4,1,0,2,3,1635,67,3.0
20,0,18,3,10,0,0,2,999,119,1.0
63,0,10,3,14,0,0,0,2233,2534,1.0
56,2,38,0,10,0,2,3,238,1699,5.0
52,0,14,1,12,0,1,2,1279,1580,4.0
52,1,23,3,6,0,0,3,1638,337,2.0
51,0,18,1,8,0,0,3,9,998,4.0
36,2,20,3,11,0,0,2,2027,1697,4.0
46,1,8,0,8,0,1,0,1530,370,1.0
27,1,35,3,12,0,0,0,603,536,1.0
18,0,21,4,10,0,2,3,997,1496,2.0
68,1,11,2,11,0,2,1,453,704,2.0
57,0,18,0,4,0,2,3,1237,16,4.0
27,0,14,3,2,0,1,1,1118,1678,4.0
55,0,19,2,6,0,0,1,505,23,4.0
29,1,6,0,4,0,1,3,151,2272,5.0
50,0,0,4,8,0,3,3,175,1475,1.0
69,2,22,3,4,0,3,3,898,10,5.0
69,1,41,3,7,0,3,0,45,506,4.0
45,1,29,1,0,0,1,3,2526,2504,4.0
68,2,35,0,5,0,1,2,519,2203,5.0
68,0,12,1,9,0,2,1,2041,342,5.0
63,0,26,3,3,0,2,2,1207,1661,4.0
18,2,26,3,1,0,0,3,2227,71,2.0
70,0,1,3,11,0,2,2,1500,1369,3.0
27,2,21,2,13,0,3,0,1706,43,2.0
42,2,20,3,14,0,1,0,595,2538,3.0
53,0,31,4,13,0,2,1,1420,1555,2.0
24,1,37,0,2,0,3,1,768,1888,5.0
54,0,13,3,13,0,3,0,1932,2441,2.0
59,1,3,1,9,0,3,0,1692,2515,4.0
21,1,20,0,14,0,2,1,1464,590,2.0
62,1,5,2,1,0,1,1,2389,862,4.0
29,0,11,2,6,0,1,0,1028,77,2.0
27,0,38,3,8,0,0,0,2404,1379,2.0
20,0,25,3,10,0,2,2,2120,2464,1.0
51,1,25,4,13,0,3,3,2295,2278,3.0
30,1,31,1,5,0,3,0,922,1305,5.0
41,1,10,3,2,0,2,2,1552,2332,1.0
31,2,39,4,1,0,1,2,1570,11,1.0
36,0,0,3,8,0,0,3,2337,2535,1.0
47,1,39,1,14,0,0,0,2172,1198,1.0
34,1,36,2,14,0,1,1,1408,656,2.0
39,1,40,4,7,0,3,3,1618,1303,2.0
25,0,36,4,1,0,3,0,858,1025,3.0
41,1,17,1,13,0,1,3,2304,936,5.0
22,2,40,4,7,0,1,0,1105,1272,3.0
22,1,22,4,9,0,3,0,441,795,5.0
36,0,25,2,8,0,1,1,1710,761,1.0
69,1,25,2,3,0,0,0,1700,83,5.0
29,1,20,0,13,0,1,3,1772,1994,5.0
35,2,8,4,5,0,2,0,1404,2238,3.0
50,1,4,2,7,0,3,3,2029,1521,5.0
40,0,27,3,10,0,2,0,231,2598,2.0
23,2,32,3,0,0,1,1,2192,727,5.0
57,0,30,3,9,0,2,0,1451,2379,4.0
48,2,13,2,10,0,2,2,1832,2270,3.0
35,1,34,4,13,0,1,0,132,1237,3.0
45,0,17,3,8,0,1,3,643,2235,3.0
66,1,35,4,0,0,2,2,26,177,2.0
63,1,10,4,1,0,0,1,2353,1946,3.0
62,1,35,3,4,0,3,0,348,639,3.0
56,2,1,3,6,0,2,1,654,1871,4.0
43,2,37,3,9,0,0,3,1510,1558,1.0
42,0,39,3,4,0,2,3,389,141,1.0
59,0,24,3,0,0,3,2,1554,1393,5.0
48,1,3,0,1,0,3,2,352,8,5.0
61,0,36,0,15,0,0,1,420,626,5.0
34,1,41,4,1,0,1,3,1697,1934,1.0
66,0,16,4,8,0,1,3,259,840,1.0
55,0,7,0,6,0,1,0,2001,798,2.0
63,2,1,2,4,0,0,3,1737,1484,2.0
51,2,20,4,0,0,0,0,36,493,4.0
28,1,7,0,7,0,3,1,1908,979,5.0
18,2,19,3,15,0,2,0,22,2522,4.0
38,2,1,2,5,0,2,2,1461,390,4.0
27,1,27,4,13,0,1,0,2122,589,3.0
67,0,37,4,1,0,2,2,85,1444,2.0
49,2,28,4,12,0,1,2,2352,1624,2.0
45,0,17,4,12,0,0,3,576,2326,2.0
38,1,11,2,6,0,3,0,2470,2422,5.0
33,0,39,2,0,0,3,2,842,199,3.0
36,0,13,4,2,0,0,0,1576,130,4.0
54,2,37,3,15,0,2,2,192,210,2.0
43,1,38,2,6,0,2,1,1717,1975,4.0
48,0,31,2,7,0,1,3,415,895,2.0
49,1,6,3,8,0,1,1,572,1377,1.0
59,1,24,1,11,0,1,0,461,642,1.0
33,2,29,1,4,0,1,0,123,1531,2.0
52,2,22,1,7,0,3,0,2611,126,3.0
22,1,8,2,10,0,3,3,1954,1797,3.0
58,2,8,4,2,0,3,1,2508,753,3.0
35,0,18,1,10,0,2,2,299,1072,3.0
19,2,36,1,6,0,3,1,1181,2136,3.0
34,1,16,3,12,0,0,0,933,941,4.0
29,2,23,1,13,0,3,2,1761,1396,5.0
36,1,33,2,5,0,1,1,2245,73,3.0
28,0,28,2,1,0,0,3,276,2117,5.0
22,1,38,0,1,0,1,0,1212,2331,2.0
56,1,13,3,8,0,0,3,2053,2003,1.0
61,2,9,2,9,0,1,0,955,255,1.0
41,0,22,4,0,0,3,1,1246,2512,5.0
30,2,41,2,1,0,1,2,1422,1895,5.0
29,2,21,3,1,0,1,0,1329,1300,2.0
37,2,17,0,11,0,0,2,875,982,5.0
59,0,13,3,9,0,1,3,2266,591,5.0
43,0,10,3,0,0,1,3,547,35,2.0
43,2,19,1,15,0,1,0,263,39,2.0
70,0,22,1,15,0,1,1,2156,520,1.0
61,2,2,0,12,0,3,2,14,1855,5.0
24,0,8,4,15,0,3,2,716,1095,1.0
60,1,7,3,6,0,3,1,795,891,3.0
31,0,36,0,13,0,3,0,701,1659,1.0
30,0,6,0,0,0,3,0,330,193,4.0
19,1,1,0,14,0,0,0,1926,1573,2.0
59,1,21,3,0,0,1,0,73,2065,3.0
28,1,0,2,8,0,2,1,1507,699,4.0
63,1,29,4,4,0,2,0,1113,2489,1.0
39,0,32,4,12,0,1,1,162,1232,3.0
30,2,38,2,5,0,2,1,1817,1561,2.0
66,1,33,0,4,0,3,1,1434,1592,1.0
68,0,7,3,10,0,3,0,1394,2448,4.0
28,0,32,0,12,0,3,1,1479,1337,2.0
60,1,29,1,8,0,0,0,1923,65,1.0
55,2,4,3,14,0,0,3,122,1889,3.0
39,1,21,1,4,0,0,3,1912,1092,1.0
62,2,20,0,10,0,1,3,1641,1031,4.0
29,0,37,2,2,0,0,1,825,829,4.0
61,1,8,1,9,0,3,1,2061,2513,3.0
48,0,4,0,4,0,0,3,321,755,4.0
22,1,24,1,14,0,1,1,1740,1805,5.0
64,2,24,3,7,0,2,1,703,981,4.0
53,2,26,4,2,0,1,2,91,287,5.0
63,2,1,3,14,0,1,0,284,1247,5.0
46,0,17,0,15,0,1,3,2374,21,4.0
21,1,38,1,7,0,0,2,2612,2479,3.0
58,2,29,4,5,0,0,3,242,88,4.0
34,2,41,3,15,0,0,2,892,12,5.0
33,1,29,2,12,0,1,3,548,2568,4.0
60,2,21,3,0,0,2,3,1291,1634,4.0
34,0,25,1,7,0,3,1,1525,1501,5.0
48,2,20,1,5,0,1,1,1220,127,3.0
45,1,17,3,14,0,0,2,1453,2209,3.0
31,1,40,2,7,0,3,2,1121,1073,3.0
66,1,1,1,14,0,3,2,7,37,5.0
18,0,31,0,6,0,0,1,349,1177,4.0
22,0,21,2,15,0,3,1,557,1600,2.0
27,2,1,4,15,0,3,2,1724,1546,1.0
46,0,10,3,14,0,3,3,920,323,1.0
45,1,26,2,11,0,2,2,2606,2621,4.0
67,1,13,3,10,0,2,3,569,1190,3.0
38,0,31,4,12,0,1,3,48,528,3.0
36,0,22,3,10,0,2,3,1768,808,2.0
19,2,22,1,14,0,3,0,808,2460,3.0
41,1,10,1,12,0,0,3,466,830,5.0
54,0,15,2,13,0,0,1,1065,445,1.0
28,0,6,2,1,0,2,3,580,940,4.0
38,2,15,1,15,0,0,2,1039,103,3.0
65,2,10,0,15,0,0,0,1827,1387,2.0
50,0,9,4,1,0,0,0,1302,1382,5.0
28,0,25,2,15,0,1,3,1744,2067,2.0
25,0,15,3,6,0,3,0,619,500,3.0
69,0,9,2,9,0,3,1,731,2231,5.0
22,0,22,0,5,0,1,0,851,1101,5.0
54,1,27,0,0,0,3,2,1877,1016,4.0
44,2,0,0,9,0,2,1,2128,2406,5.0
49,0,22,2,12,0,2,3,2095,1620,5.0
54,1,12,3,11,0,2,3,2025,1262,5.0
30,1,18,0,14,0,1,2,11,393,2.0
50,0,29,2,0,0,1,1,615,2358,4.0
38,0,30,3,14,0,3,0,455,750,4.0
32,0,17,3,10,0,2,2,649,128,2.0
49,0,27,0,11,0,3,1,1090,2176,5.0
60,2,4,1,2,0,2,3,115,861,4.0
28,2,10,0,9,0,3,1,2483,256,3.0
53,0,32,2,13,0,3,0,1098,2420,4.0
21,2,27,1,14,0,3,2,2593,1283,4.0
51,0,36,4,1,0,3,0,2078,1650,2.0
63,1,2,3,6,0,1,0,1376,2106,3.0
29,0,37,4,15,0,1,0,1663,15,3.0
44,0,16,0,7,0,0,3,1119,1971,5.0
53,0,37,3,5,0,1,0,125,2116,1.0
67,1,5,0,11,0,1,1,1904,545,3.0
70,1,39,1,8,0,0,2,948,1263,5.0
61,2,32,2,12,0,2,3,2205,1433,4.0
60,0,38,4,7,0,1,2,694,1124,3.0
54,2,36,3,2,0,3,1,2476,915,4.0
40,0,29,4,9,0,3,1,2188,1508,5.0
50,2,30,4,6,0,3,1,672,2483,3.0
54,1,41,4,10,0,1,0,2180,178,3.0
59,2,2,2,11,0,3,0,1301,2096,1.0
42,1,21,2,1,0,2,0,24,22,5.0
61,1,22,4,3,0,0,3,2331,1522,2.0
18,1,40,0,14,0,0,0,860,1246,4.0
25,2,24,2,15,0,1,2,1807,1832,3.0
48,0,1,1,13,0,1,1,1874,1652,3.0
54,1,32,0,9,0,1,0,372,2100,3.0
58,0,36,1,4,0,3,1,1546,1511,3.0
57,2,20,3,5,0,1,2,10,1673,2.0
59,2,10,2,10,0,0,3,868,334,1.0
38,2,34,4,14,0,0,1,1159,2408,3.0
48,1,33,0,12,0,2,0,923,1089,4.0
21,1,9,2,12,0,3,2,543,869,1.0
52,1,6,4,10,0,2,3,1830,2536,1.0
60,2,10,3,0,0,2,3,2362,208,2.0
65,0,27,3,13,0,0,1,2316,908,4.0
54,0,16,1,2,0,0,1,2589,1589,2.0
62,0,31,1,0,0,1,1,203,843,1.0
19,0,40,3,15,0,0,1,1392,977,3.0
35,1,28,3,11,0,1,2,262,2371,1.0
49,1,6,1,6,0,1,2,2220,87,3.0
41,0,39,4,9,0,1,3,29,964,1.0
61,1,39,4,8,0,3,0,1563,2108,3.0
47,1,14,4,6,0,3,0,482,1565,1.0
48,0,30,2,2,0,1,3,1538,1799,3.0
33,0,25,2,12,0,2,0,843,2552,5.0
22,1,41,0,11,0,2,2,2338,2043,2.0
28,1,38,3,3,0,2,1,1626,412,3.0
41,0,3,0,1,0,0,2,63,2134,4.0
29,1,2,4,9,0,0,0,1306,2059,1.0
56,0,38,3,13,0,3,1,2022,419,2.0
26,1,37,4,8,0,2,0,638,2527,3.0
48,1,14,4,12,0,3,1,1999,438,2.0
68,1,17,1,7,0,0,0,1225,1288,3.0
43,1,19,2,1,0,0,2,2614,76,2.0
68,0,5,2,10,0,2,0,1909,1709,5.0
20,0,6,0,11,0,3,2,1156,1792,5.0
44,0,35,1,5,0,1,1,848,279,5.0
56,1,12,4,1,0,2,3,353,1978,1.0
51,0,4,4,15,0,3,2,102,1814,1.0
25,0,14,0,11,0,3,3,438,121,3.0
58,1,37,0,4,0,0,0,669,1693,1.0
46,2,16,3,11,0,1,3,866,1718,4.0
49,2,4,3,12,0,0,0,686,1045,4.0
42,1,21,1,7,0,2,2,748,2048,2.0
60,1,4,4,11,0,3,3,2326,2339,1.0
45,1,24,2,2,0,2,1,400,2579,2.0
50,2,37,4,15,0,3,2,995,1287,2.0
67,0,30,0,8,0,3,3,2148,1370,1.0
30,2,37,4,5,0,0,2,1056,1334,1.0
41,2,39,3,1,0,3,2,172,413,4.0
23,0,41,3,3,0,1,1,42,1641,1.0
28,1,2,3,2,0,1,1,274,31,1.0
29,0,41,0,12,0,3,2,1801,1860,2.0
67,0,14,2,9,0,2,3,2582,2466,2.0
41,0,4,3,8,0,2,1,1485,20,2.0
41,2,5,1,10,0,2,3,222,2317,5.0
36,2,11,4,15,0,0,2,20,1924,5.0
59,1,26,4,4,0,3,2,1654,1850,2.0
41,0,31,4,15,0,1,0,258,1649,5.0
26,0,27,2,4,0,0,0,2083,987,4.0
69,2,40,4,9,0,2,0,738,2330,3.0
66,1,2,3,2,0,3,0,2281,1137,3.0
28,1,30,3,6,0,2,1,1076,1026,1.0
52,1,39,1,2,0,0,1,305,796,3.0
65,1,8,2,7,0,0,1,204,480,3.0
61,2,12,3,14,0,1,2,1557,482,3.0
65,2,16,3,13,0,1,0,327,2078,5.0
56,0,10,2,11,0,2,1,648,263,3.0
46,0,14,1,15,0,1,0,1870,1310,3.0
58,0,8,1,10,0,2,3,980,1264,3.0
47,2,36,3,11,0,2,2,2145,1112,3.0
52,2,3,1,6,0,1,0,711,304,2.0
51,0,41,3,4,0,2,3,2242,1972,4.0
37,2,21,4,11,0,2,1,1952,72,1.0
50,1,25,2,15,0,0,2,654,1656,5.0
21,2,23,2,11,0,0,3,1131,542,3.0
68,2,40,0,7,0,3,3,601,2198,1.0
66,2,18,2,4,0,0,2,418,196,3.0
62,2,15,0,5,0,0,0,1403,2054,4.0
58,1,20,1,13,0,2,0,564,1874,1.0
59,2,24,4,3,0,3,1,41,231,3.0
53,0,22,4,8,0,1,3,1792,1861,4.0
53,2,35,4,7,0,3,2,988,2164,4.0
54,2,40,3,7,0,1,1,521,2580,2.0
21,0,21,4,11,0,3,3,269,791,3.0
54,0,11,4,9,0,1,3,525,975,2.0
20,0,21,2,8,0,2,3,2042,356,4.0
30,0,0,1,1,0,0,1,1655,216,1.0
39,0,2,4,1,0,3,1,2091,717,1.0
35,0,25,0,11,0,0,1,220,2033,2.0
24,1,3,3,8,0,1,0,291,2417,3.0
42,0,2,4,6,0,2,2,1981,1894,1.0
36,1,28,1,13,0,3,3,1592,648,3.0
32,1,29,4,13,0,2,1,1260,2457,4.0
21,0,17,0,3,0,0,3,2207,2421,1.0
67,2,32,4,9,0,0,0,412,471,5.0
50,2,17,0,4,0,2,3,1782,2066,1.0
38,0,31,1,1,0,0,2,970,629,4.0
59,1,31,0,11,0,0,2,92,28,4.0
57,0,26,4,11,0,2,2,650,429,4.0
63,0,9,2,0,0,0,2,2013,821,2.0
48,0,0,2,5,0,1,2,1784,1611,3.0
38,2,35,3,8,0,2,1,182,1239,5.0
51,2,41,0,7,0,0,2,2478,1261,5.0
47,0,26,2,2,0,1,0,380,227,5.0
35,0,34,4,7,0,1,2,1963,817,3.0
63,1,31,2,4,0,1,2,346,274,1.0
50,0,20,3,13,0,0,1,350,1252,1.0
29,1,33,1,8,0,1,0,883,667,4.0
48,2,38,4,3,0,3,0,2146,653,3.0
62,1,22,3,13,0,3,3,1417,2095,5.0
46,0,8,3,4,0,2,0,1256,880,5.0
20,0,39,3,15,0,2,0,1391,850,2.0
40,0,7,2,14,0,3,1,392,1852,4.0
36,0,39,2,11,0,2,2,533,179,3.0
70,1,6,1,8,0,2,1,312,1119,1.0
57,1,28,3,7,0,2,1,1314,2357,3.0
41,2,10,1,5,0,2,3,587,1251,4.0
64,2,1,0,3,0,1,0,2636,2587,1.0
44,2,11,0,15,0,0,1,597,392,2.0
59,2,40,0,0,0,0,1,2528,566,3.0
29,2,31,2,13,0,2,2,2237,1126,5.0
66,0,14,3,4,0,1,2,2097,217,2.0
69,0,0,0,2,0,0,0,1685,2243,5.0
45,2,4,2,5,0,1,0,2410,1482,3.0
64,2,24,0,4,0,3,3,2579,1498,3.0
55,0,35,3,5,0,2,3,2031,1898,2.0
51,2,1,3,7,0,0,1,281,2103,1.0
46,2,7,0,7,0,1,0,1017,559,3.0
31,1,14,2,0,0,3,3,2129,2237,1.0
62,1,36,2,10,0,2,3,2218,2616,3.0
31,0,1,0,6,0,2,3,44,2555,4.0
31,1,18,2,12,0,1,3,880,2322,3.0
32,1,13,3,13,0,0,2,1449,317,1.0
36,1,30,3,1,0,0,1,2609,2255,3.0
18,1,1,3,2,0,3,1,117,396,5.0
28,1,40,4,7,0,1,2,2189,26,4.0
51,1,26,1,7,0,2,2,1116,1528,3.0
57,1,30,1,14,0,3,2,456,259,2.0
62,1,14,3,11,0,3,2,1053,198,1.0
69,2,41,4,11,0,0,1,30,1668,3.0
63,2,28,2,5,0,2,1,1117,2290,3.0
30,1,34,2,13,0,3,0,753,1138,2.0
34,2,13,0,6,0,0,3,1135,457,4.0
67,1,7,0,4,0,1,1,1177,833,2.0
18,1,25,1,9,0,3,1,1752,2041,2.0
28,0,26,2,1,0,2,2,1549,42,2.0
63,0,2,4,4,0,0,3,416,1635,1.0
44,1,33,2,9,0,0,0,2501,707,3.0
39,1,13,2,10,0,0,2,2577,1845,5.0
29,0,41,1,5,0,2,2,249,690,4.0
53,2,17,0,13,0,3,0,2100,1869,3.0
27,0,33,4,12,0,2,1,23,2549,3.0
19,0,32,1,1,0,0,3,514,1048,5.0
20,0,26,2,9,0,3,2,1728,154,4.0
19,2,40,2,14,0,1,0,1959,444,3.0
28,2,6,0,3,0,2,1,2619,1311,3.0
30,1,32,0,2,0,1,0,906,2336,1.0
65,2,38,2,4,0,2,1,2339,2353,2.0
70,0,11,1,4,0,2,0,1979,2040,5.0
28,0,6,0,8,0,3,1,1802,1944,2.0
62,0,2,3,15,0,0,2,2597,1062,1.0
33,1,14,2,11,0,2,0,1083,2440,4.0
44,0,32,2,0,0,3,1,1522,1920,1.0
39,1,9,1,6,0,2,1,38,2132,1.0
23,0,17,3,3,0,0,3,1806,2150,1.0
53,0,20,0,1,0,1,2,434,212,5.0
22,0,3,2,0,0,3,1,942,1128,1.0
65,1,23,4,14,0,1,1,1352,2599,3.0
31,0,20,2,15,0,1,2,1095,2154,5.0
22,1,41,0,7,0,0,3,484,1671,3.0
69,2,18,4,12,0,0,2,1006,1719,5.0
58,0,7,2,15,0,2,3,979,2148,3.0
41,1,24,1,15,0,3,0,1998,2462,3.0
41,0,20,3,2,0,1,0,143,2199,5.0
48,2,0,2,12,0,1,3,273,1985,5.0
67,0,10,2,15,0,0,1,1928,697,2.0
33,2,29,4,6,0,1,3,2340,1274,5.0
34,1,4,0,3,0,2,0,926,1806,4.0
66,1,0,1,10,0,0,1,2625,1540,5.0
53,1,9,1,4,0,3,0,478,1286,4.0
56,2,24,4,6,0,0,1,903,2378,5.0
49,0,32,4,2,0,0,1,1994,2229,5.0
54,0,28,2,6,0,2,3,1238,1736,3.0
34,0,9,1,12,0,0,3,1374,1365,3.0
19,0,5,4,13,0,0,3,921,1695,3.0
64,0,2,0,2,0,1,0,1839,268,1.0
70,1,28,2,4,0,2,1,50,928,5.0
39,1,11,4,10,0,3,3,1797,2228,3.0
56,2,39,4,6,0,0,2,2329,225,5.0
52,1,16,2,13,0,0,2,325,743,2.0
39,2,1,4,1,0,3,0,749,1151,3.0
56,1,9,4,15,0,2,2,1582,636,1.0
52,0,8,0,9,0,3,2,319,1281,1.0
32,2,12,1,9,0,1,2,1527,694,4.0
65,1,17,1,8,0,1,0,2492,34,1.0
39,1,31,0,10,0,2,2,935,1909,4.0
37,2,9,4,4,0,1,0,465,1047,1.0
45,0,1,4,0,0,1,0,382,1033,2.0
70,2,18,3,2,0,0,0,2117,2300,3.0
44,0,19,3,11,0,0,0,1085,476,2.0
54,0,40,0,9,0,1,2,2315,478,5.0
27,0,22,4,3,0,1,2,758,2498,1.0
57,2,29,4,12,0,1,2,1873,1203,5.0
22,1,11,1,1,0,3,2,2445,260,1.0
42,2,41,2,9,0,1,2,1780,1122,5.0
34,2,41,4,14,0,3,0,93,1810,4.0
42,2,13,2,5,0,3,2,66,1687,1.0
50,1,21,0,6,0,2,0,2134,815,4.0
56,0,34,1,2,0,2,0,793,1572,2.0
60,1,31,3,6,0,0,2,2321,1823,5.0
54,1,37,2,8,0,1,2,2193,97,1.0
56,2,25,2,0,0,2,0,965,29,1.0
64,0,11,0,10,0,2,0,1789,2074,5.0
52,1,17,3,1,0,2,3,2067,507,2.0
51,2,9,2,12,0,1,1,598,45,4.0
36,2,4,4,8,0,2,1,1899,192,2.0
70,0,6,1,3,0,1,2,1501,1437,1.0
40,0,12,3,1,0,2,3,2650,1774,4.0
51,2,32,1,13,0,1,0,1245,1415,1.0
70,2,33,0,7,0,1,2,1722,615,3.0
42,0,29,0,7,0,2,0,21,807,2.0
69,0,41,3,6,0,2,2,736,282,2.0
64,2,41,3,1,0,2,1,1363,2481,2.0
66,1,31,1,10,0,1,1,1000,2083,3.0
44,2,36,3,0,0,1,1,235,773,4.0
50,0,16,1,3,0,1,0,292,1913,5.0
20,0,9,4,8,0,0,1,1193,2591,4.0
34,1,17,0,7,0,0,3,1200,1236,3.0
39,2,27,4,8,0,3,2,1357,1632,1.0
60,1,32,4,0,0,2,1,424,2642,1.0
43,1,3,2,7,0,1,0,2102,1228,1.0
60,1,25,1,14,0,0,0,789,2494,4.0
18,2,8,4,0,0,0,3,1145,1705,2.0
45,0,37,2,0,0,1,0,1198,2314,5.0
33,2,15,2,11,0,2,2,301,1954,2.0
52,1,25,2,1,0,1,3,660,1063,1.0
66,2,8,3,7,0,2,2,56,922,3.0
49,2,1,0,2,0,0,3,1012,1964,1.0
34,0,34,0,15,0,0,2,929,601,4.0
50,0,9,2,2,0,0,0,185,2433,2.0
57,2,2,3,7,0,3,3,2298,553,4.0
63,0,3,4,11,0,1,0,1678,1084,4.0
44,0,29,3,6,0,3,3,1509,2639,5.0
34,2,23,4,1,0,2,3,127,856,5.0
26,0,22,2,3,0,3,1,775,1957,4.0
28,0,22,1,14,0,0,2,2064,658,1.0
44,1,40,2,2,0,3,2,183,2352,1.0
41,0,33,3,6,0,2,3,180,2551,5.0
27,0,8,3,9,0,3,3,1730,2346,4.0
43,1,34,2,9,0,1,1,614,530,5.0
24,1,30,4,15,0,0,2,101,1141,5.0
69,0,26,3,3,0,1,2,1766,81,5.0
42,0,7,1,15,0,1,0,617,1559,2.0
64,0,24,1,7,0,1,2,2076,1763,5.0
67,2,4,1,9,0,0,2,797,705,1.0
67,0,17,2,8,0,0,0,2217,920,5.0
29,1,1,3,12,0,1,1,32,2340,4.0
38,1,1,4,6,0,0,3,2386,842,5.0
21,0,1,3,10,0,1,3,2618,2394,1.0
65,2,34,3,8,0,0,1,1903,1155,5.0
34,0,22,1,12,0,2,0,213,2047,1.0
42,0,29,3,12,0,1,1,1278,1331,3.0
57,1,41,0,11,0,0,3,1126,1491,2.0
42,1,23,2,0,0,2,1,492,837,4.0
34,1,41,2,10,0,3,3,1480,2015,1.0
61,0,13,3,13,0,0,0,1097,340,2.0
62,2,12,4,7,0,3,2,2439,502,2.0
34,0,20,1,13,0,3,2,200,2008,1.0
31,0,13,0,9,0,1,0,2527,655,2.0
52,1,37,2,13,0,0,1,1199,2590,2.0
59,1,12,3,15,0,2,0,2641,1289,4.0
34,0,9,1,7,0,3,3,1365,2213,5.0
41,1,36,4,2,0,0,0,1701,911,5.0
62,0,26,3,7,0,2,1,1335,1347,1.0
34,2,25,2,11,0,0,0,2395,106,3.0
41,0,38,0,3,0,0,3,1855,2318,4.0
42,0,41,1,11,0,3,3,2617,491,1.0
42,0,21,2,11,0,0,2,2631,1785,1.0
28,1,8,4,11,0,2,3,1502,1563,2.0
25,1,8,3,6,0,1,2,1794,1163,5.0
68,2,8,1,4,0,1,0,2310,1519,3.0
52,2,19,4,14,0,0,0,1233,2135,3.0
35,2,35,4,9,0,3,3,2494,1683,3.0
19,1,18,3,0,0,3,3,1884,66,2.0
36,0,13,3,7,0,3,2,313,968,3.0
39,2,36,2,11,0,2,1,1779,2640,4.0
38,0,36,3,0,0,0,2,1308,584,2.0
20,0,28,2,12,0,2,0,2512,1165,2.0
21,1,26,1,11,0,3,1,1108,2013,2.0
32,2,26,4,1,0,2,0,1196,1173,4.0
31,1,20,0,7,0,1,1,364,1250,5.0
61,0,9,4,14,0,1,2,1360,973,3.0
70,2,18,2,2,0,0,2,1686,1210,5.0
54,0,12,0,15,0,1,1,2034,1817,1.0
27,2,19,3,1,0,3,1,1317,2628,3.0
18,0,32,0,9,0,0,3,2454,1427,1.0
42,1,19,2,7,0,3,2,709,529,2.0
32,1,15,2,1,0,3,2,1588,984,4.0
36,1,32,4,5,0,0,1,1321,1059,2.0
36,0,25,0,15,0,1,3,1941,1892,4.0
45,1,39,3,9,0,1,2,2466,441,1.0
19,2,0,3,15,0,1,3,2634,140,5.0
52,2,27,0,7,0,0,2,236,1956,2.0
50,0,1,2,11,0,1,1,1290,1399,2.0
36,1,17,3,12,0,1,0,2607,2350,5.0
60,1,28,4,2,0,2,3,1151,1295,5.0
52,0,41,4,6,0,3,2,1386,1911,1.0
21,2,2,4,0,0,2,3,2452,1849,1.0
50,2,36,0,5,0,0,3,1939,2267,2.0
25,2,29,4,10,0,2,3,647,1440,2.0
55,2,41,4,14,0,1,2,1913,137,5.0
55,0,7,1,6,0,1,3,522,1966,2.0
49,0,33,4,0,0,0,0,47,2258,1.0
35,1,13,0,14,0,3,2,462,298,1.0
44,1,39,3,7,0,2,3,1429,1180,2.0
30,0,36,0,1,0,0,2,1537,338,1.0
62,0,31,4,0,0,0,2,1783,1622,3.0
40,1,35,0,2,0,1,1,158,1462,2.0
58,0,5,1,6,0,3,2,1176,595,2.0
40,0,31,2,6,0,0,0,675,1682,4.0
23,2,11,1,14,0,0,0,1324,715,1.0
41,1,3,3,14,0,1,3,31,2454,1.0
51,1,18,0,0,0,2,0,1914,2010,2.0
57,2,1,3,9,0,2,1,512,1442,4.0
19,0,2,2,6,0,0,3,67,1828,4.0
59,2,26,2,11,0,2,3,1559,2089,2.0
51,2,2,3,3,0,3,2,1775,220,5.0
37,0,10,0,8,0,0,3,1492,1238,4.0
58,0,29,0,14,0,2,1,1316,1350,1.0
44,2,24,0,0,0,1,2,553,228,4.0
18,0,31,2,4,0,0,0,2322,2445,2.0
42,2,32,0,9,0,3,2,396,2161,5.0
29,1,40,3,0,0,3,0,2546,2644,3.0
58,0,11,2,1,0,2,0,2650,1392,2.0
46,2,28,1,11,0,0,0,2108,517,2.0
58,0,7,1,5,0,0,0,1707,474,4.0
29,0,21,2,7,0,1,2,1382,2399,2.0
55,1,26,3,10,0,3,1,1991,1268,2.0
53,0,9,0,13,0,2,2,928,86,3.0
27,0,19,3,2,0,2,2,1850,1713,2.0
58,0,38,3,11,0,0,0,585,468,4.0
64,0,30,3,12,0,0,3,206,2182,3.0
50,1,14,1,11,0,1,2,1262,564,1.0
58,0,32,1,4,0,1,0,1085,2435,1.0
39,2,34,4,9,0,1,0,583,2595,1.0
63,1,16,4,0,0,1,1,2409,60,4.0
43,0,35,1,9,0,2,1,2133,2567,5.0
34,1,9,2,5,0,3,3,1015,596,5.0
63,2,37,3,12,0,3,2,480,2652,4.0
55,2,1,0,9,0,0,3,1902,2260,4.0
66,0,30,4,5,0,2,2,559,240,4.0
60,1,39,2,12,0,2,2,2448,1278,3.0
36,1,3,1,3,0,2,2,879,2608,1.0
24,0,9,2,5,0,1,3,2616,2268,3.0
36,0,15,3,13,0,3,3,772,628,3.0
68,1,27,4,14,0,3,1,1410,2298,2.0
19,2,37,3,12,0,0,2,1345,2653,3.0
70,0,25,2,3,0,0,3,311,2643,5.0
19,2,40,4,2,0,2,1,719,324,3.0
42,0,7,2,2,0,2,0,713,1739,4.0
52,2,8,3,13,0,3,1,509,57,1.0
23,2,0,4,13,0,2,1,106,1564,4.0
31,0,3,2,11,0,3,3,435,249,4.0
40,1,3,0,0,0,1,3,267,1298,3.0
65,1,5,3,7,0,0,3,2058,1687,3.0
65,2,39,2,12,0,3,3,2355,1052,3.0
18,1,12,3,1,0,0,1,1132,2467,5.0
65,1,4,2,10,0,1,0,1795,120,4.0
52,0,32,3,1,0,2,3,726,59,1.0
35,0,2,4,14,0,3,1,1733,1837,3.0
62,2,31,3,12,0,1,0,2585,1169,5.0
26,1,25,3,6,0,1,2,820,2606,1.0
55,1,13,1,12,0,0,2,1603,1819,1.0
57,2,30,0,13,0,2,0,207,1772,2.0
34,0,27,1,3,0,2,3,495,2111,2.0
47,2,2,4,0,0,0,3,1142,2561,1.0
48,0,20,4,3,0,2,3,467,2520,1.0
27,1,36,2,11,0,1,2,1758,2137,3.0
35,2,35,3,4,0,3,2,2015,2574,4.0
65,1,28,1,2,0,0,1,1473,2368,1.0
57,2,0,1,14,0,3,0,2532,2477,1.0
23,0,11,0,15,0,3,0,1106,1851,4.0
62,1,15,3,6,0,0,0,1407,131,4.0
53,2,2,4,2,0,0,1,992,1205,4.0
57,1,3,0,10,0,3,2,144,2265,2.0
56,2,8,3,13,0,3,0,974,926,4.0
65,0,12,1,4,0,1,3,588,726,1.0
49,1,22,1,4,0,0,2,500,2284,2.0
60,0,18,2,12,0,2,3,2301,1633,3.0
53,2,30,3,3,0,0,1,1074,1374,1.0
24,2,38,3,5,0,1,2,1760,488,1.0
60,0,5,3,13,0,3,1,2567,2612,2.0
65,1,32,0,10,0,3,0,95,1161,3.0
33,1,22,3,8,0,1,1,1736,1567,5.0
33,0,4,4,13,0,3,1,178,2302,4.0
54,1,16,1,7,0,1,3,193,2323,5.0
49,2,21,3,10,0,1,0,2613,685,5.0
42,1,16,1,14,0,3,2,990,275,3.0
21,1,7,1,3,0,0,3,2065,1133,4.0
33,1,19,2,13,0,0,2,1122,1357,1.0
42,0,37,2,1,0,3,2,1466,111,5.0
69,2,38,2,10,0,1,1,817,2050,3.0
20,0,3,2,1,0,1,0,2155,1886,4.0
39,1,19,4,13,0,3,3,185,422,5.0
18,0,16,3,5,0,2,3,1854,1213,4.0
32,0,9,0,7,0,0,0,2198,823,3.0
54,2,35,2,11,0,0,0,2638,2404,5.0
32,0,3,0,3,0,2,1,61,1464,3.0
34,2,31,3,9,0,0,2,1614,1363,5.0
33,1,32,3,15,0,0,3,1168,2584,5.0
21,2,9,1,1,0,3,3,2377,169,1.0
37,1,14,4,5,0,1,3,864,1808,5.0
33,2,7,4,11,0,3,3,2247,40,2.0
69,1,6,0,9,0,0,0,2615,723,2.0
29,1,26,1,5,0,2,3,1800,118,5.0
61,2,12,4,4,0,1,3,1822,617,1.0
61,0,3,4,10,0,2,2,2044,2224,1.0
58,2,7,4,9,0,0,2,1604,2191,2.0
50,1,5,0,11,0,0,0,835,1216,5.0
63,1,17,4,3,0,2,1,528,197,2.0
23,1,18,2,8,0,0,1,1474,805,5.0
21,1,12,1,7,0,1,3,1361,2044,4.0
36,2,24,4,3,0,1,3,226,353,5.0
68,2,8,2,1,0,0,1,2608,1413,2.0
21,1,7,0,12,0,2,2,2141,983,1.0
39,1,10,0,11,0,1,2,844,1550,1.0
44,0,29,0,12,0,2,0,304,1131,3.0
54,0,37,2,0,0,2,1,887,2241,5.0
65,2,18,1,11,0,0,1,2649,2402,3.0
34,1,7,1,2,0,2,3,2051,366,4.0
27,1,0,2,15,0,3,3,1330,113,3.0
40,0,33,3,10,0,2,2,1091,1999,4.0
43,1,3,4,2,0,0,0,2268,2119,1.0
26,2,20,1,1,0,2,0,532,1384,5.0
60,1,37,2,14,0,0,3,1268,1690,1.0
20,1,28,1,13,0,1,3,885,1104,5.0
22,0,7,4,11,0,1,0,1837,1897,1.0
59,0,34,2,8,0,3,3,1036,2184,3.0
54,0,16,0,4,0,2,1,2434,2287,2.0
38,1,38,3,12,0,2,1,28,2157,5.0
33,2,25,3,15,0,3,1,1395,588,4.0
30,2,25,1,9,0,0,2,49,1585,4.0
55,0,8,3,2,0,0,0,1032,1224,3.0
67,1,19,4,10,0,2,0,2514,1285,5.0
18,0,27,4,14,0,1,1,2174,2365,4.0
61,0,34,0,14,0,0,2,1325,290,2.0
41,2,40,1,15,0,3,0,540,483,5.0
37,0,1,3,0,0,2,1,2334,2349,2.0
62,2,21,3,9,0,2,2,1532,2474,2.0
59,2,17,0,11,0,2,2,2660,110,5.0
55,0,4,1,13,0,1,2,1303,329,5.0
60,1,0,4,13,0,0,0,2072,1609,5.0
36,1,25,4,2,0,0,3,2317,2456,3.0
48,1,33,0,11,0,1,3,2194,1452,2.0
48,2,10,1,1,0,2,1,1379,609,1.0
46,1,38,4,13,0,1,2,2118,1299,3.0
44,1,41,1,8,0,3,0,2471,1701,3.0
44,2,20,3,0,0,1,0,908,1743,5.0
26,2,13,2,4,0,0,1,1411,2234,3.0
44,2,19,0,14,0,2,1,1326,1533,1.0
22,1,15,2,9,0,2,3,1171,1510,3.0
65,1,33,1,10,0,1,0,751,1489,3.0
38,1,39,1,7,0,3,0,862,1043,5.0
22,0,25,3,5,0,2,1,1841,410,2.0
18,1,32,2,3,0,3,2,591,1254,5.0
26,1,13,0,4,0,3,0,255,2313,3.0
69,2,14,4,3,0,1,0,1751,1812,3.0
53,0,6,2,11,0,2,2,214,79,1.0
38,1,12,2,8,0,0,3,2350,2607,3.0
63,0,40,3,4,0,2,3,684,2578,2.0
18,0,18,0,0,0,0,2,1094,2092,5.0
49,1,23,3,1,0,0,1,2008,1765,4.0
34,2,1,3,1,0,1,3,52,1191,3.0
30,2,2,1,4,0,3,3,2363,2195,4.0
20,2,6,4,13,0,0,1,2109,2334,1.0
36,2,24,0,5,0,0,2,287,1945,4.0
43,2,10,2,3,0,2,1,1869,759,3.0
21,0,30,2,1,0,0,0,2653,1166,5.0
70,0,3,4,9,0,3,3,1584,2588,2.0
47,1,31,2,0,0,1,1,1471,453,5.0
59,2,7,4,12,0,0,2,1286,487,5.0
19,2,18,1,0,0,2,0,2633,1506,3.0
48,1,1,1,2,0,3,1,1835,2159,3.0
56,1,15,1,8,0,0,2,549,1146,3.0
53,2,24,2,15,0,3,1,46,2017,4.0
58,0,26,4,9,0,3,1,383,544,3.0
49,0,13,0,0,0,3,0,783,666,3.0
69,1,32,0,0,0,0,3,335,2615,3.0
67,0,21,2,1,0,2,1,2520,2530,1.0
35,0,14,3,6,0,2,0,2300,886,3.0
70,2,12,1,11,0,2,2,2135,991,3.0
67,2,24,2,11,0,1,2,202,2407,2.0
67,2,1,1,12,0,0,1,2496,1878,5.0
24,0,28,0,8,0,0,3,1362,46,1.0
29,2,2,0,11,0,0,1,474,1002,4.0
53,0,41,4,3,0,1,2,1389,1465,1.0
69,1,41,0,2,0,3,3,745,2564,2.0
67,0,35,3,6,0,1,0,1138,2414,3.0
40,0,33,4,13,0,1,1,478,969,2.0
46,1,37,0,4,0,1,0,2668,1662,5.0
67,0,23,2,13,0,3,3,2467,2247,2.0
18,0,17,0,11,0,3,1,1297,710,3.0
58,2,14,2,1,0,3,3,2075,389,2.0
64,0,1,1,2,0,3,0,2507,100,4.0
54,1,29,2,1,0,2,0,2186,2068,2.0
69,1,27,1,4,0,0,1,498,1770,4.0
55,0,39,3,8,0,1,3,2039,1188,3.0
24,1,12,2,12,0,2,2,486,1017,1.0
59,2,3,0,13,0,3,0,872,2397,1.0
34,0,31,1,12,0,2,0,147,1050,2.0
18,2,17,2,5,0,1,1,2332,1071,4.0
19,2,3,0,7,0,2,3,1580,661,1.0
66,0,28,2,2,0,0,3,2440,1202,1.0
58,0,4,2,4,0,1,0,1680,490,1.0
52,2,16,0,4,0,1,2,986,794,2.0
18,2,20,1,7,0,2,0,2211,2625,3.0
31,2,2,4,1,0,2,2,2403,960,2.0
32,0,3,0,11,0,0,0,393,2113,3.0
62,0,22,3,5,0,1,2,1360,206,3.0
35,1,6,0,11,0,1,1,248,1730,5.0
63,1,29,0,5,0,2,0,871,1711,5.0
59,0,15,1,0,0,3,0,2441,1529,2.0
43,2,20,2,5,0,0,2,780,1566,1.0
27,0,28,3,11,0,2,2,1383,1457,3.0
23,1,4,3,14,0,3,1,2232,241,2.0
55,2,9,2,10,0,0,2,639,2146,3.0
32,1,31,1,10,0,3,1,1021,2079,3.0
31,0,18,4,6,0,0,1,1842,385,3.0
40,1,9,3,8,0,1,1,228,1130,4.0
41,1,13,2,14,0,2,0,289,632,2.0
67,2,0,1,7,0,3,1,894,1083,3.0
46,2,19,3,14,0,1,1,2261,499,2.0
65,1,38,2,2,0,0,3,904,148,2.0
34,2,28,3,10,0,0,2,1821,1249,2.0
18,0,15,4,6,0,2,3,687,1516,2.0
33,1,20,1,10,0,2,3,1882,1658,2.0
44,0,36,0,13,0,3,2,1213,1484,4.0
51,2,36,0,9,0,0,0,1931,878,5.0
36,2,3,0,12,0,3,1,2052,2076,2.0
70,0,34,0,3,0,2,1,1186,558,4.0
53,0,9,2,3,0,0,1,897,1979,1.0
49,0,12,3,4,0,1,0,1368,806,5.0
62,1,23,3,6,0,2,1,1990,1402,2.0
69,0,12,2,6,0,0,2,358,2034,4.0
25,2,25,0,4,0,3,1,2088,2659,1.0
43,0,27,3,15,0,3,1,43,319,1.0
68,1,36,3,12,0,0,1,1450,1465,4.0
49,2,30,2,2,0,1,1,958,52,4.0
63,2,4,4,11,0,3,3,1277,640,1.0
70,0,8,4,4,0,0,1,1504,1265,1.0
39,0,9,2,2,0,0,1,2127,418,4.0
68,2,20,4,11,0,0,3,1229,2151,5.0
61,1,18,4,3,0,1,3,378,972,1.0
59,1,29,3,7,0,1,3,2599,2328,1.0
18,1,37,0,14,0,0,0,718,221,5.0
60,0,2,2,11,0,1,1,2201,2420,5.0
36,0,16,4,8,0,1,3,302,1121,3.0
65,2,34,4,14,0,0,1,733,1746,4.0
18,1,14,3,7,0,3,0,1346,435,1.0
48,1,29,0,2,0,3,2,1989,772,3.0
20,2,28,4,10,0,0,3,746,1420,3.0
60,1,3,4,5,0,1,2,907,1361,5.0
41,2,20,2,14,0,3,0,1699,893,2.0
50,2,39,3,12,0,0,0,1242,1655,4.0
59,1,36,4,6,0,1,1,896,1712,4.0
65,1,39,3,8,0,1,3,578,2544,4.0
41,1,18,1,1,0,0,3,2673,552,5.0
44,1,1,2,5,0,1,2,479,1950,3.0
54,0,38,0,11,0,1,3,831,1171,5.0
20,0,11,3,15,0,1,1,2004,882,4.0
52,2,10,4,6,0,3,2,1158,1991,4.0
58,1,39,3,9,0,1,3,241,479,2.0
44,1,18,3,10,0,1,1,1359,524,1.0
61,1,26,1,5,0,0,3,1651,2605,2.0
46,2,5,3,9,0,1,2,53,300,5.0
55,1,24,3,11,0,0,2,64,1583,2.0
56,2,29,2,13,0,3,0,742,555,3.0
56,0,19,4,8,0,3,1,1632,1530,2.0
44,0,27,1,3,0,0,0,1608,2230,1.0
45,2,1,0,11,0,3,3,1743,1258,2.0
45,2,13,3,12,0,3,2,1478,1728,2.0
27,1,25,3,13,0,1,3,982,365,3.0
44,2,39,1,6,0,1,0,227,2305,3.0
57,1,14,2,14,0,0,1,782,2029,4.0
25,0,16,3,2,0,0,3,1084,883,5.0
45,1,26,0,12,0,2,3,1003,167,1.0
42,1,20,4,8,0,0,2,2089,233,1.0
33,1,16,0,5,0,0,0,2513,1686,4.0
43,0,20,2,4,0,0,0,1244,2425,5.0
45,2,9,1,4,0,1,0,2485,56,5.0
56,0,2,3,3,0,3,0,1548,663,4.0
39,2,15,3,12,0,3,2,379,1372,5.0
29,0,36,4,12,0,0,1,1878,236,2.0
55,0,5,2,4,0,2,2,2569,2186,3.0
18,2,41,0,9,0,1,2,815,992,1.0
58,2,4,1,0,0,0,0,1498,70,2.0
21,1,5,4,4,0,3,1,1596,824,5.0
36,2,41,0,2,0,2,0,493,1373,3.0
67,1,33,2,12,0,1,3,1958,2636,3.0
44,2,39,1,15,0,0,0,1671,934,4.0
64,1,4,1,3,0,2,2,90,1132,5.0
30,2,25,2,14,0,1,3,2517,1734,2.0
61,1,23,4,9,0,3,1,1613,147,5.0
63,1,22,4,8,0,1,2,2465,865,3.0
64,2,30,4,8,0,3,3,1014,1245,1.0
51,0,10,4,0,0,0,2,1978,2075,5.0
47,0,5,0,6,0,1,2,2253,2518,2.0
61,2,5,4,10,0,0,0,1567,2423,5.0
19,2,9,4,7,0,0,0,413,543,4.0
35,0,29,4,15,0,3,3,2024,1703,1.0
27,1,29,0,0,0,3,1,1898,2392,4.0
59,1,14,0,13,0,2,2,2462,1636,2.0
56,0,13,0,10,0,2,0,2203,1608,5.0
38,2,7,2,12,0,1,0,1133,2212,2.0
61,0,20,1,5,0,1,0,1024,670,2.0
20,0,10,2,11,0,1,2,1757,2360,5.0
47,2,27,1,0,0,2,3,1499,2372,5.0
34,1,32,2,13,0,0,1,1445,560,1.0
70,1,32,2,1,0,1,1,2137,2560,4.0
53,2,2,0,11,0,0,1,1790,515,2.0
22,2,37,1,8,0,1,3,394,432,2.0
47,1,36,0,9,0,1,0,1844,638,3.0
53,1,5,1,12,0,0,2,829,1451,2.0
54,0,14,1,3,0,1,2,1384,1595,5.0
24,0,16,3,3,0,0,3,108,1621,5.0
60,1,37,2,8,0,0,1,729,55,4.0
56,2,8,2,3,0,2,3,1529,680,1.0
41,1,38,2,5,0,1,2,2046,62,5.0
26,2,33,1,10,0,1,3,171,1876,4.0
51,2,23,3,14,0,1,1,490,516,2.0
46,2,39,1,10,0,0,0,237,1839,4.0
56,2,36,0,7,0,3,3,1872,53,3.0
38,0,23,1,6,0,2,2,774,1354,2.0
70,2,33,1,3,0,0,0,2087,276,3.0
41,2,38,1,2,0,3,1,987,99,4.0
24,0,11,1,11,0,1,0,1860,2177,4.0
59,2,40,4,11,0,1,2,1824,2656,4.0
57,0,25,0,8,0,1,0,2129,582,5.0
48,2,28,4,1,0,0,2,535,2036,1.0
40,1,0,2,15,0,3,2,1288,930,1.0
61,0,27,0,14,0,0,3,1022,963,2.0
69,2,40,3,9,0,0,1,2311,2667,2.0
32,0,6,4,10,0,2,2,1444,2429,4.0
39,0,7,1,13,0,1,1,1607,1153,1.0
36,1,8,2,4,0,0,1,2224,1647,1.0
62,1,30,0,12,0,0,1,508,1549,2.0
25,2,9,3,2,0,3,0,712,285,5.0
27,0,15,2,13,0,2,0,1338,2294,4.0
42,0,30,4,13,0,0,0,2550,1064,3.0
33,1,16,1,15,0,3,0,1918,2207,4.0
38,1,28,4,2,0,0,2,471,910,1.0
28,2,22,2,15,0,2,2,1264,2221,1.0
27,1,22,3,15,0,2,1,832,314,4.0
49,2,6,4,5,0,2,3,2676,1308,4.0
46,0,8,2,8,0,0,1,1606,1875,4.0
37,0,4,1,13,0,0,3,1880,1075,3.0
45,0,9,3,6,0,1,3,573,463,1.0
31,0,36,1,11,0,1,0,1714,2348,1.0
42,1,30,3,2,0,0,2,1524,919,1.0
35,1,11,1,11,0,2,2,605,69,1.0
48,0,4,1,15,0,0,2,2267,1436,4.0
61,1,25,0,15,0,3,0,1381,2419,5.0
67,2,39,1,10,0,0,1,119,2285,4.0
58,2,11,3,0,0,1,1,1785,1170,1.0
25,0,38,3,2,0,1,3,1786,2345,2.0
56,1,3,0,3,0,1,1,240,1737,5.0
54,1,6,2,3,0,0,2,994,258,3.0
55,1,22,2,13,0,3,2,2645,2364,2.0
67,2,33,1,7,0,0,1,2110,2214,4.0
47,0,0,1,12,0,0,1,867,2060,4.0
58,0,31,4,15,0,0,1,507,2004,2.0
56,2,29,1,5,0,2,1,581,379,4.0
33,1,26,0,11,0,3,0,816,1231,2.0
40,2,2,4,4,0,3,0,1285,758,2.0
45,0,11,4,12,0,2,2,724,1040,3.0
42,0,21,4,3,0,0,0,1091,1943,4.0
20,0,19,0,0,0,2,1,2629,2630,3.0
60,2,5,2,15,0,3,3,2622,1090,3.0
41,1,13,0,12,0,3,0,2547,612,1.0
47,1,29,1,5,0,0,2,2162,1273,4.0
18,0,24,2,7,0,0,1,2663,1135,2.0
45,2,6,4,14,0,2,3,1836,810,3.0
46,1,9,0,5,0,3,3,1023,2102,5.0
46,1,39,1,5,0,0,1,430,1666,2.0
61,1,32,2,8,0,0,0,670,1142,3.0
57,2,20,4,12,0,1,0,2000,2403,4.0
48,1,21,3,2,0,2,0,1111,1877,5.0
58,0,18,1,12,0,1,2,510,1148,5.0
55,2,25,0,7,0,1,0,953,1958,3.0
31,1,30,1,3,0,3,1,1343,1182,3.0
68,0,0,1,1,0,3,2,1038,450,1.0
53,1,1,2,4,0,1,3,1905,2389,4.0
40,0,7,0,8,0,0,3,1139,1838,5.0
63,1,5,2,4,0,0,2,2376,92,3.0
46,1,23,0,11,0,0,0,165,2618,4.0
24,0,37,0,14,0,0,1,618,354,4.0
28,0,31,0,13,0,0,1,1323,1783,2.0
49,2,37,0,8,0,0,2,2098,2436,5.0
67,2,11,0,14,0,3,1,1887,1907,4.0
27,0,39,1,7,0,0,3,1594,1858,4.0
65,1,24,0,4,0,2,0,1414,2144,3.0
27,0,22,3,12,0,0,3,152,901,5.0
53,0,8,3,0,0,3,2,708,2638,4.0
69,2,30,2,12,0,1,0,1762,2657,1.0
19,2,21,2,15,0,1,0,71,303,2.0
48,1,0,1,10,0,2,0,2196,734,3.0
63,0,15,4,13,0,1,1,1010,1745,3.0
61,1,32,3,14,0,3,1,1653,1086,2.0
43,1,10,3,10,0,3,2,1731,2165,3.0
56,0,39,3,4,0,2,1,833,1706,5.0
65,2,39,4,15,0,3,0,1634,1487,2.0
31,0,27,1,7,0,0,3,531,1293,2.0
42,0,24,2,0,0,3,3,890,846,3.0
45,1,19,0,7,0,0,0,483,793,2.0
56,0,26,4,14,0,2,0,1296,557,5.0
58,2,30,4,9,0,0,3,2497,257,1.0
37,1,22,4,7,0,1,0,1892,635,4.0
19,1,35,2,15,0,0,2,1506,929,1.0
48,0,6,2,8,0,0,0,367,1316,4.0
24,1,12,0,13,0,3,1,1026,549,2.0
45,1,8,0,1,0,0,2,1886,518,5.0
48,1,10,1,14,0,1,1,366,191,1.0
66,0,36,2,9,0,2,1,1726,541,1.0
56,2,16,4,11,0,3,3,2367,2269,5.0
66,2,20,2,11,0,2,1,2601,813,3.0
69,1,21,0,6,0,2,1,1289,1835,4.0
21,1,17,4,6,0,1,1,1086,1275,1.0
60,1,8,2,3,0,1,3,2655,2480,1.0
21,1,0,2,14,0,2,0,386,1341,2.0
20,2,26,4,6,0,1,0,2059,1963,5.0
27,0,25,3,11,0,0,1,2665,1675,5.0
18,1,5,4,2,0,1,3,2401,1459,1.0
32,2,15,4,8,0,0,2,2674,2281,2.0
49,1,9,2,3,0,0,2,1143,1267,1.0
26,0,29,3,14,0,2,3,1526,209,4.0
56,0,34,4,4,0,1,1,2427,2609,3.0
67,2,36,2,15,0,1,1,2142,400,5.0
61,1,25,0,7,0,2,1,606,63,4.0
51,0,10,0,14,0,2,0,1715,2266,4.0
52,0,28,2,10,0,2,2,889,1349,3.0
58,0,30,3,9,0,1,3,913,1951,1.0
69,2,5,2,6,0,0,0,1187,1582,2.0
31,1,6,4,10,0,2,2,1622,101,5.0
51,1,16,1,14,0,2,1,74,1677,2.0
29,0,38,3,15,0,0,2,2077,1948,5.0
43,0,15,2,12,0,0,1,1754,696,1.0
67,1,32,0,0,0,2,0,1868,1468,3.0
41,1,26,1,8,0,1,3,374,405,1.0
63,1,0,1,2,0,3,0,1069,2109,4.0
18,1,19,3,11,0,0,1,571,1326,4.0
63,0,13,0,7,0,2,1,609,1037,5.0
26,0,24,4,8,0,0,3,952,1827,3.0
63,1,12,3,10,0,0,1,2345,2396,4.0
61,0,37,2,8,0,1,3,460,162,4.0
66,0,31,3,1,0,2,3,1467,132,1.0
19,2,9,4,4,0,2,1,1426,160,3.0
48,0,8,1,7,0,2,2,1462,104,5.0
28,2,15,0,6,0,2,0,630,1003,1.0
47,2,14,2,7,0,1,3,834,2675,4.0
57,1,17,3,4,0,2,1,937,2072,4.0
61,2,8,2,3,0,3,3,1512,997,5.0
52,1,40,1,6,0,2,1,408,1019,5.0
41,2,38,1,10,0,2,3,1962,2426,1.0
62,1,36,4,15,0,1,2,1058,1794,3.0
51,2,13,0,15,0,0,2,1658,2225,3.0
47,1,12,2,11,0,3,3,268,426,3.0
60,2,5,2,13,0,3,2,2152,2172,5.0
29,2,2,0,11,0,3,0,2276,2531,5.0
59,0,29,1,10,0,2,1,2509,172,4.0
23,0,41,3,15,0,0,2,2351,1329,4.0
62,2,25,3,1,0,0,3,627,1271,4.0
34,1,12,4,1,0,2,2,1602,765,5.0
49,0,12,1,4,0,1,2,984,1990,5.0
49,1,28,4,1,0,2,3,432,1315,5.0
56,0,35,3,8,0,0,1,1900,2233,5.0
42,1,8,0,6,0,1,1,2545,157,5.0
19,0,3,0,10,0,2,0,2263,2189,3.0
26,0,27,1,4,0,3,3,1814,383,5.0
65,1,27,3,5,0,1,0,2036,1266,1.0
51,0,14,3,15,0,2,3,217,1520,4.0
18,2,34,2,10,0,3,3,2487,970,1.0
39,2,3,2,12,0,2,0,1164,2149,3.0
66,2,12,2,13,0,3,0,1298,428,3.0
49,0,19,3,0,0,2,0,1616,1937,5.0
34,0,36,4,15,0,1,2,863,327,2.0
29,0,36,3,15,0,1,0,1209,1008,3.0
19,0,7,2,13,0,3,3,1235,281,4.0
40,1,13,2,10,0,3,2,2160,802,4.0
68,2,10,3,2,0,2,1,778,129,5.0
24,2,32,2,12,0,2,0,840,2196,3.0
22,2,12,1,14,0,2,3,2551,186,5.0
57,1,19,0,4,0,1,1,1129,1826,2.0
48,2,41,2,11,0,3,0,113,828,3.0
37,2,15,0,8,0,0,3,381,1366,5.0
66,2,39,3,3,0,2,0,705,781,1.0
27,1,37,0,15,0,1,0,198,2687,5.0
48,1,14,0,2,0,0,2,1517,1903,4.0
59,1,2,2,12,0,3,0,755,1710,2.0
70,0,33,1,15,0,0,2,2166,1115,4.0
66,0,30,1,7,0,3,1,2424,1912,5.0
52,1,28,2,14,0,1,2,1629,1615,3.0
28,2,11,0,8,0,1,2,223,486,1.0
49,0,9,4,4,0,0,2,938,752,1.0
35,0,16,1,14,0,0,0,1283,1854,3.0
56,2,18,1,12,0,2,3,1542,2519,3.0
37,2,4,1,10,0,3,2,1373,1201,5.0
54,1,27,0,6,0,0,3,1378,2661,3.0
29,0,16,1,3,0,1,0,1071,425,3.0
49,0,20,4,14,0,1,0,1942,2666,1.0
54,2,40,3,11,0,2,0,2684,152,3.0
32,1,29,1,7,0,1,0,341,1359,5.0
24,2,6,0,11,0,3,0,1320,1199,1.0
18,1,41,2,7,0,2,1,1812,496,3.0
36,1,0,4,3,0,0,1,2319,1403,1.0
67,2,18,0,8,0,1,1,230,581,5.0
21,0,19,3,8,0,0,3,1250,1212,5.0
34,2,32,4,8,0,1,1,1267,2678,2.0
26,2,14,4,10,0,0,1,668,421,1.0
33,2,37,3,4,0,2,2,2359,2676,4.0
56,2,41,3,12,0,1,1,2378,2594,5.0
41,1,7,4,10,0,0,1,2451,2573,3.0
67,0,1,0,1,0,3,1,2140,384,2.0
66,0,37,2,3,0,1,2,1327,1915,2.0
30,1,39,4,14,0,2,1,2370,1007,1.0
37,2,13,3,6,0,1,2,788,745,2.0
24,1,15,2,8,0,0,2,208,2484,1.0
19,0,21,2,12,0,2,2,2664,2603,4.0
61,1,12,3,14,0,3,0,1107,934,4.0
51,2,10,4,7,0,2,2,349,2227,3.0
51,1,0,0,5,0,1,1,1769,1472,3.0
51,0,11,2,5,0,2,3,991,673,4.0
49,1,0,3,9,0,1,2,763,497,1.0
49,1,0,4,7,0,0,2,730,394,1.0
24,1,25,1,15,0,3,1,1709,1411,5.0
61,2,28,4,7,0,1,2,328,1438,5.0
48,1,19,4,12,0,0,0,592,677,1.0
28,0,28,3,2,0,1,0,1773,1307,3.0
38,1,24,3,8,0,2,0,2529,2475,4.0
44,2,19,1,7,0,3,1,322,1637,4.0
24,1,0,3,0,0,1,2,2585,887,1.0
24,0,12,1,9,0,1,1,210,2056,2.0
25,0,19,3,6,0,1,3,1208,1383,5.0
70,0,27,1,2,0,2,3,1128,2444,1.0
52,2,15,4,15,0,3,2,2417,2070,4.0
20,2,36,1,1,0,2,2,1910,1556,2.0
40,2,12,2,9,0,1,1,57,2660,5.0
67,1,6,1,9,0,2,1,2387,2672,3.0
59,2,7,1,6,0,0,2,179,2622,3.0
61,0,16,2,11,0,2,2,506,1327,4.0
56,2,20,2,9,0,2,0,2356,2246,1.0
18,1,7,1,4,0,0,0,2221,1332,1.0
20,2,33,4,9,0,1,1,2398,681,5.0
51,1,14,0,14,0,3,3,785,2546,2.0
28,2,40,2,6,0,0,2,1035,958,3.0
35,1,12,0,12,0,3,2,1311,388,4.0
23,2,36,0,3,0,1,1,2689,376,1.0
64,1,9,0,11,0,3,1,1442,1225,1.0
48,2,0,3,13,0,1,0,1130,472,3.0
27,0,35,3,15,0,3,1,205,1470,3.0
52,0,34,4,11,0,1,3,769,1724,2.0
30,0,39,1,12,0,3,3,1575,244,1.0
55,2,40,4,10,0,3,1,1573,1054,1.0
27,0,29,3,6,0,2,0,87,721,4.0
62,2,23,3,12,0,1,1,2007,875,3.0
66,1,27,2,5,0,2,3,271,792,3.0
65,1,35,1,6,0,3,3,1174,1646,3.0
47,0,19,3,3,0,0,1,936,2525,5.0
63,0,32,3,0,0,3,2,2562,1809,2.0
42,2,29,3,0,0,1,2,1440,1463,2.0
26,2,16,2,5,0,0,1,2147,105,2.0
66,0,13,0,15,0,0,0,2248,437,4.0
23,0,18,2,8,0,2,3,981,2197,2.0
50,0,35,0,13,0,0,0,1269,1376,4.0
29,1,25,3,11,0,3,0,1695,2175,1.0
38,1,41,2,12,0,2,3,1093,1181,4.0
41,2,9,4,11,0,0,0,1545,1980,4.0
53,1,19,4,0,0,0,3,771,2488,4.0
56,2,33,0,6,0,3,3,2544,1480,1.0
36,0,39,3,6,0,3,0,1305,1680,1.0
24,1,39,0,8,0,0,1,1157,1044,1.0
25,0,8,2,0,0,2,3,1068,1787,2.0
53,0,6,1,1,0,2,1,1062,1538,1.0
67,1,29,0,6,0,3,1,88,2604,3.0
59,2,35,3,13,0,0,1,1747,2597,2.0
67,1,8,4,15,0,3,1,973,235,5.0
57,2,5,4,7,0,0,0,1624,1708,4.0
44,0,26,2,0,0,0,2,1072,133,3.0
47,2,12,2,5,0,0,3,1811,1599,2.0
48,0,2,1,5,0,3,3,1484,871,1.0
21,0,2,0,0,0,1,2,470,809,1.0
42,1,29,4,0,0,2,2,1516,1386,1.0
34,1,18,2,15,0,0,0,1967,95,2.0
38,1,19,4,4,0,1,3,2447,374,2.0
42,2,1,0,0,0,0,1,1455,2623,3.0
28,1,41,4,3,0,0,1,2583,2593,2.0
31,0,17,1,6,0,3,0,926,1684,3.0
43,0,6,0,14,0,2,3,1808,205,5.0
39,1,6,0,15,0,2,2,1609,1058,4.0
62,0,14,0,6,0,3,0,431,1803,4.0
41,0,38,2,9,0,3,0,2161,1606,3.0
22,0,29,0,4,0,3,1,163,124,5.0
52,2,21,1,5,0,3,1,1719,171,4.0
43,2,3,1,14,0,1,0,116,548,5.0
18,2,18,2,15,0,0,2,2090,1607,1.0
68,1,17,3,0,0,1,1,1544,2527,4.0
44,0,22,1,11,0,0,1,1259,1977,1.0
66,1,20,1,11,0,3,1,2677,1150,3.0
50,1,12,0,15,0,3,3,1523,181,4.0
68,1,3,1,10,0,1,3,658,540,4.0
32,1,41,1,12,0,1,1,2626,1143,3.0
49,1,0,3,9,0,0,2,285,2126,1.0
63,1,9,0,3,0,0,3,503,2692,2.0
32,0,19,1,10,0,3,2,1309,1518,3.0
42,0,2,0,4,0,2,1,1232,1242,4.0
20,2,17,3,9,0,2,1,2139,978,3.0
55,2,30,2,13,0,3,0,2291,592,2.0
57,1,8,3,13,0,2,0,1483,939,3.0
44,2,4,0,8,0,2,0,796,645,1.0
19,2,6,0,1,0,3,2,1370,424,1.0
60,2,37,2,15,0,3,2,1550,2418,4.0
25,0,33,2,10,0,0,1,865,484,3.0
46,0,1,3,5,0,1,0,1508,1929,4.0
25,1,3,0,15,0,1,3,2591,1896,4.0
44,0,15,4,13,0,1,0,1339,764,5.0
18,1,4,0,5,0,0,1,1205,912,5.0
55,0,19,2,9,0,3,2,2657,1715,1.0
36,1,36,2,11,0,0,1,2596,698,2.0
45,1,15,0,12,0,1,3,1273,301,4.0
59,0,7,3,11,0,3,3,1723,2104,1.0
53,0,20,4,11,0,3,1,1666,572,3.0
37,2,2,4,11,0,1,2,1698,2168,1.0
44,0,1,1,7,0,1,1,2250,1537,3.0
22,2,1,2,5,0,3,3,81,2658,2.0
23,0,41,1,2,0,1,1,1423,1657,3.0
28,0,35,0,11,0,2,0,1040,1426,1.0
39,2,20,1,12,0,0,2,1103,381,1.0
46,1,38,1,10,0,1,0,315,1968,3.0
24,2,14,0,9,0,1,0,1518,616,4.0
51,2,20,1,11,0,2,2,120,1358,5.0
38,1,30,0,6,0,3,1,1276,942,5.0
53,1,37,1,10,0,3,1,399,2680,2.0
21,2,38,1,0,0,2,0,128,206,5.0
25,0,36,0,11,0,0,1,219,182,4.0
65,2,36,2,5,0,0,1,2258,1423,2.0
36,0,1,2,15,0,0,1,497,892,2.0
21,1,27,4,8,0,2,3,1676,1879,2.0
39,2,10,0,15,0,2,2,2595,976,2.0
48,2,5,1,10,0,2,2,2587,321,3.0
19,1,15,4,4,0,0,1,401,403,1.0
66,1,13,3,4,0,0,2,1933,2188,4.0
58,2,16,2,13,0,2,2,489,404,4.0
53,0,17,2,10,0,3,2,1231,2646,3.0
20,0,35,1,5,0,0,3,134,801,5.0
33,1,14,4,10,0,0,0,1511,2395,2.0
50,1,38,1,10,0,3,2,323,884,4.0
51,0,2,1,14,0,3,2,586,341,3.0
20,0,1,0,7,0,2,3,1746,1890,4.0
43,0,2,0,11,0,2,0,1551,1688,3.0
69,0,8,3,5,0,3,0,1390,1986,2.0
41,2,34,0,6,0,1,3,2498,264,2.0
37,2,16,3,4,0,2,1,1862,82,5.0
18,1,5,4,7,0,0,2,1788,2147,3.0
18,0,4,1,13,0,2,2,1057,102,2.0
63,2,38,1,3,0,3,2,1101,2626,2.0
68,1,17,3,14,0,1,1,2020,2650,3.0
20,2,5,0,0,0,3,0,2040,1557,1.0
63,0,36,3,2,0,2,3,2084,620,1.0
51,0,7,4,12,0,3,2,1735,1421,4.0
65,2,39,3,1,0,3,1,1153,2507,3.0
36,2,0,3,0,0,3,3,2588,1455,5.0
41,0,32,2,1,0,3,1,2163,766,1.0
60,2,28,2,1,0,2,0,642,2633,4.0
44,1,37,0,1,0,2,1,1203,556,4.0
26,0,14,1,10,0,2,1,119,2166,4.0
44,1,41,3,14,0,1,0,1955,1187,4.0
32,1,0,2,13,0,1,2,1191,84,3.0
62,1,1,4,7,0,2,3,329,135,5.0
65,2,6,0,6,0,3,3,1079,2493,5.0
69,2,20,0,1,0,3,1,679,1106,2.0
45,2,39,4,1,0,2,2,1829,986,2.0
33,2,22,1,14,0,3,3,1533,1467,3.0
52,1,14,3,14,0,3,3,2635,514,4.0
65,2,5,4,6,0,0,2,2486,2124,4.0
36,1,35,4,5,0,3,2,2669,1066,4.0
67,2,19,1,2,0,2,0,602,2354,3.0
45,2,22,4,0,0,1,1,1415,2377,5.0
45,1,9,1,5,0,1,3,610,826,5.0
32,1,16,1,8,0,1,0,2243,1740,5.0
62,2,41,0,2,0,3,2,637,546,1.0
53,2,36,3,5,0,0,1,303,996,2.0
66,2,31,3,4,0,3,3,2564,1553,3.0
63,0,22,0,4,0,1,2,1536,935,2.0
27,0,7,4,13,0,1,2,280,1669,4.0
30,1,13,3,0,0,2,3,1853,2249,3.0
47,1,29,3,1,0,2,0,1441,1946,2.0
19,1,17,2,0,0,1,1,2406,1651,3.0
20,2,22,2,11,0,0,2,1777,219,5.0
52,0,33,2,11,0,1,3,2397,1762,4.0
31,2,16,0,4,0,0,0,839,716,1.0
66,2,25,1,8,0,0,2,1054,2271,4.0
37,0,15,1,8,0,1,0,1965,662,4.0
55,2,24,0,15,0,0,3,513,2206,3.0
36,2,20,4,6,0,3,0,1985,408,3.0
33,0,33,2,15,0,0,2,1973,1750,2.0
33,0,35,2,1,0,3,1,1271,844,1.0
69,2,9,4,14,0,3,1,177,112,3.0
50,2,4,2,7,0,0,1,252,1000,3.0
18,1,39,3,0,0,3,2,1519,1385,1.0
51,1,18,1,1,0,3,0,2273,512,5.0
54,1,20,3,11,0,1,3,550,2446,2.0
61,2,40,0,2,0,3,0,1778,175,1.0
48,1,37,0,10,0,3,0,2450,1674,4.0
62,2,32,2,7,0,3,3,173,349,5.0
44,0,34,1,11,0,0,3,1646,1741,5.0
59,0,34,0,10,0,2,3,2683,2344,4.0
33,2,32,3,4,0,1,0,1689,320,2.0
48,2,10,3,14,0,3,2,2099,799,1.0
34,2,37,4,15,0,0,3,2392,1450,5.0
69,2,4,3,14,0,2,3,2238,2253,5.0
61,0,34,1,8,0,0,0,2680,2087,2.0
49,1,13,0,8,0,3,3,1540,1076,1.0
48,1,6,2,9,0,0,3,2600,1408,4.0
50,0,39,2,3,0,0,0,414,1923,5.0
53,2,33,1,2,0,2,3,1625,897,4.0
63,2,5,1,4,0,0,3,1409,712,4.0
49,0,13,0,6,0,2,2,589,1449,4.0
68,1,30,4,13,0,3,3,244,91,4.0
57,0,16,3,11,0,1,1,1050,980,1.0
44,0,8,0,14,0,0,3,225,1139,3.0
36,0,3,4,9,0,0,0,2425,1769,3.0
52,1,12,0,8,0,3,2,1845,1270,4.0
50,1,16,1,4,0,0,3,1385,469,5.0
33,0,39,4,1,0,2,2,1087,1751,1.0
50,0,18,1,4,0,3,2,791,2218,2.0
50,0,27,4,7,0,2,2,2070,2240,2.0
31,1,15,4,9,0,0,1,2698,692,3.0
51,0,15,4,2,0,2,0,971,1318,2.0
58,2,22,4,11,0,0,3,79,1748,4.0
18,2,25,1,1,0,1,0,1891,860,4.0
35,0,7,1,6,0,0,0,121,847,3.0
21,0,7,3,1,0,2,2,1172,562,3.0
36,2,38,4,0,0,3,3,1458,2020,2.0
44,0,16,0,0,0,3,2,1337,1562,4.0
21,2,33,2,6,0,1,2,1833,686,5.0
52,0,20,3,7,0,1,2,661,283,1.0
42,0,13,3,4,0,0,3,899,1248,1.0
70,1,3,2,8,0,1,2,426,2562,4.0
39,0,37,0,8,0,2,3,2115,2016,2.0
23,1,32,2,13,0,3,2,2216,1780,3.0
53,0,3,1,0,0,3,3,2469,1497,1.0
64,1,23,2,14,0,3,1,747,2084,1.0
28,1,36,2,7,0,3,3,2334,2110,3.0
53,0,4,3,10,0,1,1,934,1469,5.0
32,0,39,3,10,0,3,3,607,1446,1.0
60,2,33,4,2,0,1,3,2696,368,2.0
38,1,11,4,1,0,3,3,2230,2167,4.0
36,0,5,4,10,0,2,1,1424,854,5.0
42,1,3,2,15,0,3,3,1672,2080,5.0
35,1,3,0,6,0,1,3,1916,1714,1.0
40,1,17,2,15,0,3,2,86,2351,1.0
52,0,28,0,0,0,3,2,1384,1314,5.0
59,1,9,1,11,0,0,2,1051,1494,1.0
20,0,22,4,15,0,2,0,759,380,1.0
34,2,6,3,7,0,0,2,2510,2335,3.0
52,1,16,4,8,0,3,1,1184,1571,1.0
38,0,8,1,6,0,2,1,837,420,4.0
47,2,9,0,9,0,0,2,2017,1021,3.0
45,2,27,2,9,0,0,1,2259,359,1.0
31,1,6,3,5,0,3,1,2603,803,2.0
64,1,26,1,6,0,3,0,2264,1304,3.0
31,0,26,3,7,0,1,3,2197,2501,2.0
48,0,9,1,12,0,0,3,2499,2689,3.0
45,0,35,4,15,0,2,2,70,1601,2.0
27,0,28,4,13,0,1,2,368,1211,5.0
45,2,37,3,8,0,2,2,2183,164,5.0
43,0,11,2,9,0,3,2,342,537,4.0
53,2,8,3,15,0,1,1,2016,2208,2.0
55,2,18,0,13,0,1,3,296,876,3.0
20,2,37,3,5,0,1,2,2066,2634,1.0
42,2,20,1,12,0,2,1,818,567,1.0
39,0,15,4,1,0,2,2,1937,2312,1.0
19,2,35,3,3,0,2,3,2055,630,1.0
64,1,23,2,14,0,1,2,1617,2128,5.0
67,1,19,3,15,0,3,1,2522,326,2.0
30,0,15,2,8,0,0,1,454,1893,1.0
70,1,0,1,3,0,3,0,2369,957,1.0
49,0,3,2,15,0,2,0,1224,1881,3.0
32,2,5,3,4,0,2,0,1061,2022,2.0
64,0,2,4,13,0,1,3,1160,2575,4.0
44,2,12,2,2,0,1,0,1631,2412,4.0
67,0,25,4,7,0,2,2,2630,1721,5.0
26,0,40,4,3,0,1,2,2621,927,2.0
58,2,4,0,15,0,0,2,828,1447,3.0
32,0,19,1,13,0,0,0,1099,1816,4.0
21,2,27,2,10,0,1,3,371,2143,2.0
63,1,5,3,12,0,3,2,2195,2045,5.0
44,0,25,3,15,0,2,1,1251,489,3.0
24,0,7,0,4,0,1,3,1541,1976,4.0
63,2,8,1,13,0,0,0,1465,2547,2.0
25,1,6,3,9,0,1,2,2158,2563,3.0
24,1,18,2,8,0,3,3,752,2632,2.0
70,2,8,2,15,0,2,1,2598,1847,1.0
28,1,22,2,8,0,2,2,565,2242,3.0
40,0,26,3,0,0,3,1,2290,2602,3.0
58,2,22,3,1,0,2,1,297,1642,2.0
39,2,16,2,0,0,1,0,186,623,3.0
37,1,9,2,0,0,3,0,849,851,5.0
69,2,30,3,14,0,0,3,1421,1325,5.0
49,0,9,3,4,0,3,1,2518,310,2.0
52,1,29,1,9,0,0,2,2002,1230,5.0
57,0,35,3,9,0,3,1,1367,2649,5.0
46,1,34,4,11,0,1,0,473,2431,5.0
25,1,9,2,8,0,0,2,1738,1926,4.0
19,0,32,0,11,0,1,3,714,576,4.0
50,0,16,4,1,0,2,2,423,2276,4.0
42,1,11,2,4,0,1,1,2639,2486,5.0
55,2,30,0,11,0,2,0,2678,2125,3.0
45,1,28,0,0,0,0,2,1983,1035,1.0
21,0,27,0,8,0,2,1,944,835,1.0
51,0,29,4,12,0,2,3,2646,1818,4.0
44,0,40,2,13,0,0,1,2204,1696,5.0
64,1,12,2,12,0,3,0,1322,2617,2.0
22,1,18,3,15,0,1,0,2054,1015,4.0
54,2,12,4,12,0,1,0,433,1692,2.0
43,2,23,4,3,0,0,0,1100,1430,4.0
24,1,33,0,6,0,1,0,2082,2051,1.0
34,0,41,0,15,0,2,2,1799,1380,5.0
36,1,19,3,8,0,2,1,2444,2416,1.0
67,1,25,1,15,0,2,3,130,570,4.0
29,2,13,0,13,0,0,0,651,1276,4.0
35,0,1,3,14,0,3,2,1027,1234,3.0
57,0,27,3,5,0,0,0,1463,2503,1.0
58,2,21,4,3,0,1,2,2136,1309,5.0
21,2,5,3,9,0,3,3,2661,1042,3.0
60,1,41,1,6,0,2,3,2472,2277,3.0
58,2,33,2,4,0,2,0,1295,459,3.0
59,2,17,0,8,0,2,2,2682,2410,4.0
31,0,2,0,6,0,2,1,888,1077,4.0
61,1,29,0,8,0,0,0,612,841,2.0
19,0,3,4,5,0,1,0,398,747,3.0
70,2,16,1,10,0,2,1,2482,1802,1.0
20,1,29,0,14,0,1,1,1753,1253,5.0
69,1,13,2,12,0,3,3,1034,1176,3.0
51,2,4,1,12,0,2,1,314,2458,1.0
32,0,33,4,15,0,0,0,1067,1419,3.0
42,1,22,4,2,0,0,1,1649,2363,3.0
52,1,16,2,12,0,1,3,2212,1397,3.0
38,2,30,4,8,0,3,3,257,170,4.0
47,0,19,1,3,0,2,2,1946,607,2.0
28,0,35,0,9,0,0,2,1287,2521,5.0
69,1,39,2,6,0,1,2,2461,1543,2.0
53,1,27,1,2,0,0,3,1972,2671,5.0
26,0,29,2,10,0,3,0,1380,597,3.0
51,1,4,4,13,0,3,0,1371,115,1.0
32,1,22,0,12,0,1,3,2578,1118,2.0
39,1,41,1,6,0,2,3,1476,2286,4.0
61,2,3,0,6,0,1,3,2382,683,1.0
61,1,21,0,7,0,0,2,385,531,3.0
19,0,35,3,10,0,0,2,218,1109,1.0
56,0,38,3,0,0,2,1,917,1474,1.0
27,2,14,2,15,0,0,3,1443,1499,4.0
26,2,29,4,12,0,0,0,2543,2324,5.0
21,0,36,2,7,0,1,1,2565,665,4.0
23,0,13,1,0,0,2,2,2096,1584,2.0
27,0,29,0,0,0,2,1,2056,1352,2.0
33,2,7,1,13,0,0,1,2459,267,1.0
32,1,34,1,0,0,3,3,662,1244,5.0
26,0,11,0,0,0,2,3,1173,2405,5.0
54,0,1,0,15,0,3,2,2654,1864,2.0
20,2,6,2,6,0,3,2,857,1807,4.0
63,0,31,0,2,0,3,2,1149,1257,2.0
68,0,11,3,10,0,0,1,139,1110,1.0
23,1,8,4,4,0,2,1,1393,701,4.0
20,1,39,0,3,0,3,3,504,2581,2.0
33,0,40,0,7,0,2,2,1690,1862,4.0
45,0,18,2,2,0,2,2,1494,2524,5.0
20,2,17,0,5,0,2,0,1020,2287,5.0
66,2,22,2,4,0,3,0,1344,347,1.0
46,0,12,4,4,0,2,3,2456,1136,1.0
21,2,15,1,6,0,3,1,1708,2400,4.0
28,1,25,3,8,0,3,0,2280,1676,2.0
26,0,8,3,12,0,3,0,1428,345,3.0
37,1,10,2,10,0,3,2,830,2554,5.0
56,0,7,3,3,0,0,3,437,2627,3.0
21,2,25,4,3,0,1,0,2380,533,4.0
70,2,31,4,7,0,1,2,2314,885,4.0
34,1,32,1,9,0,1,2,1140,292,4.0
37,1,39,3,15,0,1,3,945,168,1.0
19,0,14,3,15,0,0,2,1586,2171,4.0
57,2,9,3,7,0,0,1,2493,2662,1.0
41,2,21,0,7,0,2,0,577,1887,1.0
56,2,9,2,4,0,1,3,1650,2487,1.0
48,2,23,4,8,0,3,3,100,2262,3.0
19,2,5,2,2,0,3,2,1350,1969,1.0
49,1,2,3,4,0,2,0,1179,962,1.0
48,1,12,3,3,0,1,1,1493,2670,1.0
32,1,33,2,8,0,2,3,554,2482,4.0
65,0,10,2,9,0,1,0,562,2273,1.0
62,2,14,1,2,0,0,1,2360,362,5.0
51,2,26,0,13,0,3,3,279,1322,4.0
56,2,23,2,12,0,0,0,1333,1691,2.0
63,2,20,0,13,0,2,1,1048,2009,4.0
21,0,36,4,7,0,1,1,1587,1914,1.0
18,0,16,0,9,0,0,1,370,1935,2.0
41,0,30,4,10,0,0,3,804,2432,3.0
27,2,35,3,5,0,2,2,956,778,4.0
47,1,14,0,11,0,2,0,2373,2632,4.0
56,2,14,2,7,0,3,3,2328,2101,3.0
57,0,25,1,5,0,3,2,1162,583,3.0
44,1,24,3,2,0,0,3,2699,1970,3.0
43,1,27,0,4,0,0,0,1813,2327,2.0
56,1,1,1,12,0,3,1,150,498,3.0
62,1,14,0,1,0,0,2,927,782,4.0
46,2,14,3,8,0,1,0,2344,2629,4.0
34,2,23,4,8,0,1,3,1761,2160,3.0
69,1,4,1,6,0,2,2,1342,771,3.0
65,2,19,1,1,0,0,2,1823,1448,5.0
30,0,21,0,7,0,3,1,2269,2086,5.0
61,1,37,1,6,0,1,0,140,327,1.0
59,0,11,4,14,0,3,3,1169,1579,5.0
47,1,4,1,0,0,2,1,767,250,4.0
37,0,22,4,4,0,1,3,2627,1157,2.0
57,2,34,0,7,0,0,2,2675,2316,1.0
30,1,1,2,0,0,2,3,799,1960,4.0
65,0,23,0,6,0,2,0,902,1323,1.0
28,2,4,4,10,0,2,1,1125,1154,5.0
25,1,31,3,10,0,2,2,1110,1401,4.0
47,2,0,4,9,0,3,2,1243,637,2.0
31,1,32,0,8,0,1,2,1809,1324,1.0
70,2,29,2,1,0,1,2,616,1367,2.0
45,0,28,3,12,0,3,2,294,1643,4.0
49,0,33,3,1,0,3,2,1585,579,3.0
37,1,12,0,1,0,0,2,154,1098,2.0
54,2,25,1,5,0,0,0,1029,676,1.0
52,0,13,0,14,0,3,1,427,2496,2.0
57,2,25,0,13,0,3,2,1679,2624,1.0
18,2,34,0,12,0,2,2,2241,1400,2.0
27,1,23,1,8,0,3,1,680,2611,2.0
34,2,2,2,2,0,3,2,1240,1100,3.0
68,0,16,1,8,0,3,2,402,1179,4.0
59,2,2,0,14,0,3,2,1261,864,4.0
32,2,6,2,13,0,0,1,2208,1461,1.0
55,2,35,4,10,0,0,0,1619,1196,4.0
53,2,9,3,0,0,1,3,2048,313,1.0
63,0,37,0,3,0,2,2,1657,2162,2.0
50,0,0,4,14,0,0,0,631,2200,5.0
46,2,20,1,6,0,3,1,2623,1080,1.0
49,0,20,2,9,0,0,3,1774,2014,4.0
63,2,36,2,9,0,2,1,1304,2490,1.0
26,0,7,0,5,0,0,3,2393,501,4.0
51,1,1,0,6,0,3,0,2568,688,5.0
23,2,16,3,14,0,2,3,164,756,3.0
47,1,1,4,12,0,2,1,2688,416,2.0
65,0,19,2,8,0,2,3,930,289,2.0
43,2,39,1,10,0,0,1,1369,315,1.0
65,1,32,0,3,0,0,1,653,671,3.0
41,1,40,2,2,0,1,1,626,1078,1.0
26,1,40,4,0,0,1,3,94,814,1.0
44,0,14,4,2,0,2,3,2477,1798,2.0
70,2,38,1,4,0,3,3,2297,1700,1.0
27,2,6,1,0,0,3,3,149,900,4.0
34,0,29,2,0,0,3,3,688,299,4.0
25,2,7,3,15,0,3,3,534,158,3.0
62,0,15,3,13,0,3,3,2453,1597,3.0
42,1,15,4,4,0,0,0,1009,2060,2.0
47,1,39,0,5,0,1,3,1975,2060,1.0
63,1,2,2,9,0,0,3,2107,2702,4.0
64,0,17,3,3,0,0,2,2458,2384,4.0
23,1,29,0,2,0,1,3,243,330,2.0
64,2,0,2,14,0,0,3,2494,1755,3.0
44,2,28,4,7,0,3,3,611,1353,5.0
41,1,40,3,15,0,1,2,663,2701,2.0
55,0,9,0,9,0,3,3,2670,968,1.0
60,0,35,4,3,0,1,0,307,1382,3.0
23,0,7,2,9,0,0,1,2103,1900,2.0
36,2,20,3,5,0,2,3,2213,511,3.0
51,0,0,4,7,0,1,3,1002,350,5.0
45,2,34,1,0,0,0,1,2555,375,1.0
62,1,6,0,13,0,2,3,288,896,3.0
49,1,12,2,12,0,1,3,2294,2210,3.0
30,2,13,4,8,0,1,1,608,1020,1.0
35,2,16,1,6,0,2,2,201,2690,3.0
66,2,38,4,5,0,2,3,2560,1989,1.0
18,0,22,4,13,0,2,3,97,2252,4.0
18,1,35,3,3,0,3,1,632,2710,4.0
65,0,37,1,6,0,0,1,2397,1747,3.0
57,2,32,4,8,0,1,2,265,1720,4.0
44,2,25,0,11,0,2,0,155,571,4.0
20,1,0,3,2,0,3,0,464,780,2.0
59,2,28,2,12,0,1,1,590,1614,4.0
34,2,2,4,14,0,0,0,118,1598,4.0
62,2,35,4,2,0,1,0,157,2025,5.0
42,2,34,3,7,0,1,1,518,2325,2.0
33,2,0,2,11,0,1,2,1684,1404,1.0
25,0,38,3,11,0,3,1,819,2705,4.0
53,1,40,4,12,0,0,3,1272,1336,5.0
26,2,2,0,10,0,3,0,2283,2679,4.0
55,2,36,1,15,0,2,0,2700,1514,5.0
21,0,37,1,5,0,1,2,806,1195,3.0
22,2,35,1,3,0,1,1,1349,2232,1.0
26,0,26,4,14,0,1,1,884,360,2.0
56,0,22,0,13,0,3,1,2559,2058,1.0
69,1,39,4,8,0,2,3,245,2691,3.0
28,1,41,3,12,0,1,3,445,306,1.0
47,1,10,1,0,0,0,2,539,1761,5.0
22,0,29,3,13,0,1,2,1677,1160,4.0
39,0,11,3,10,0,1,1,148,719,2.0
23,0,10,4,8,0,1,2,1875,2708,2.0
43,0,34,3,9,0,0,3,1185,232,5.0
51,2,13,0,2,0,0,1,168,1339,5.0
67,0,27,4,13,0,1,1,347,1009,2.0
36,0,39,4,14,0,2,1,2642,760,2.0
31,1,41,1,14,0,0,1,103,1495,1.0
60,0,9,1,0,0,3,2,983,945,3.0
56,1,11,2,6,0,0,3,1437,2007,2.0
52,2,33,3,1,0,1,3,2432,1005,2.0
31,1,8,1,14,0,0,0,1927,1660,4.0
34,2,17,4,15,0,0,3,604,1502,4.0
53,1,21,3,8,0,3,3,270,2309,5.0
69,0,4,4,2,0,1,3,1041,387,2.0
68,0,41,1,5,0,2,0,1527,2664,4.0
64,2,12,3,7,0,0,1,1583,2409,4.0
57,0,24,0,12,0,0,3,593,1204,3.0
28,0,9,1,15,0,2,1,762,2647,5.0
44,2,18,4,15,0,1,2,395,1292,3.0
61,0,20,1,8,0,2,1,2113,2514,4.0
19,0,19,2,8,0,3,2,2592,1867,2.0
70,2,9,4,1,0,1,3,1718,291,5.0
19,0,21,0,4,0,0,2,2703,331,2.0
35,1,0,3,11,0,1,1,1104,2049,1.0
70,1,27,3,12,0,1,3,1590,1091,4.0
48,1,16,3,9,0,2,3,2112,669,3.0
62,2,20,0,15,0,1,3,812,2296,4.0
63,0,33,2,14,0,0,3,1248,2293,1.0
22,2,8,0,4,0,0,3,641,2684,2.0
21,0,21,3,10,0,0,3,2652,1149,3.0
29,0,5,2,3,0,1,1,1197,1209,5.0
40,2,24,0,14,0,0,0,2561,1348,2.0
23,2,28,2,10,0,2,3,725,2141,1.0
53,1,23,2,15,0,2,0,2558,183,5.0
48,0,14,3,7,0,1,0,1165,2688,5.0
66,0,40,2,10,0,3,3,803,1941,1.0
61,1,20,2,7,0,0,1,2132,1575,3.0
34,0,11,1,9,0,1,0,2624,1594,1.0
47,0,25,2,4,0,0,0,821,711,2.0
57,2,25,0,8,0,3,3,1732,1773,3.0
35,1,7,1,3,0,3,1,1982,332,4.0
28,2,21,3,12,0,0,0,1431,2663,3.0
32,2,9,0,5,0,2,3,2144,280,2.0
59,0,32,0,12,0,0,0,1668,834,1.0
31,2,28,1,10,0,0,3,1011,2651,5.0
32,2,37,0,1,0,2,3,2709,373,5.0
19,2,6,3,11,0,2,0,1045,2424,1.0
34,1,21,3,6,0,0,1,112,1551,3.0
41,0,15,4,2,0,2,1,1120,143,5.0
50,1,21,2,3,0,3,3,194,1321,3.0
52,0,10,0,13,0,1,0,463,343,5.0
38,2,26,1,13,0,0,3,723,2693,1.0
38,0,26,3,7,0,0,1,1166,1796,1.0
30,2,17,3,10,0,3,1,1354,2030,1.0
53,0,23,3,15,0,3,1,275,1523,2.0
27,2,32,4,4,0,3,2,1236,1619,3.0
62,0,37,0,8,0,2,1,1971,1844,1.0
29,1,25,4,10,0,1,0,1804,2275,5.0
53,0,22,3,1,0,0,0,501,2259,1.0
28,2,28,0,0,0,3,2,2457,2053,2.0
22,1,33,4,9,0,3,0,621,1144,3.0
18,0,19,0,13,0,3,1,551,1038,2.0
22,0,3,0,9,0,0,0,2209,2463,2.0
55,2,6,2,12,0,1,0,697,277,1.0
64,2,3,2,3,0,3,1,2479,689,5.0
21,2,32,0,1,0,1,0,827,954,4.0
58,2,37,2,11,0,0,1,2536,185,3.0
21,0,22,3,14,0,0,3,2131,2342,2.0
52,2,16,2,15,0,2,3,1977,318,2.0
19,1,29,2,13,0,0,2,1351,2509,3.0
63,0,8,3,6,0,1,3,2343,367,5.0
65,2,0,0,0,0,1,0,1055,2497,5.0
65,1,28,2,0,0,1,0,511,165,3.0
42,1,29,2,3,0,3,0,998,234,2.0
59,0,41,2,0,0,3,3,260,1493,5.0
44,0,14,0,10,0,2,2,1046,1640,1.0
52,2,14,2,4,0,1,3,2651,509,2.0
67,2,14,4,2,0,2,0,2402,1605,4.0
45,2,19,2,11,0,1,1,2219,431,5.0
66,0,18,2,5,0,0,2,1155,672,5.0
30,2,41,1,6,0,0,1,2375,539,2.0
37,0,11,4,3,0,3,2,1810,838,4.0
45,2,9,3,8,0,1,1,1025,2170,5.0
69,2,13,2,1,0,1,1,702,1569,4.0
42,2,24,4,12,0,2,0,2318,1235,3.0
37,1,24,4,10,0,3,1,1612,2703,1.0
37,0,26,4,13,0,1,2,1031,1282,2.0
21,0,9,3,15,0,3,2,2422,2517,1.0
41,2,34,2,2,0,3,3,1876,273,4.0
42,2,4,3,4,0,1,1,114,1922,5.0
36,2,40,0,14,0,1,2,1064,372,5.0
70,2,9,1,14,0,1,2,1964,746,5.0
34,0,8,2,4,0,0,2,810,1185,5.0
18,1,36,1,2,0,2,0,1253,448,1.0
21,1,13,1,8,0,0,3,552,2274,1.0
62,1,16,4,4,0,0,1,363,839,5.0
52,0,18,4,14,0,0,1,1398,769,3.0
50,0,25,4,14,0,1,1,1642,888,5.0
25,1,39,1,13,0,0,3,674,2542,3.0
45,1,34,0,3,0,1,1,1515,921,5.0
32,1,41,0,5,0,1,1,2681,1524,4.0
31,1,38,4,15,0,1,3,2584,1504,1.0
43,2,6,0,11,0,2,1,1167,2055,3.0
70,0,29,0,1,0,1,3,2063,1604,2.0
50,0,13,1,1,0,3,2,2667,1613,1.0
47,2,13,3,6,0,3,1,2644,194,3.0
37,0,34,3,2,0,2,2,2407,2202,4.0
20,0,1,4,15,0,3,3,582,481,2.0
35,2,21,0,1,0,1,1,1070,631,2.0
27,1,14,4,7,0,3,2,2604,1859,5.0
23,1,26,3,5,0,1,1,2030,391,4.0
66,1,16,1,13,0,1,2,1405,417,5.0
25,1,27,2,7,0,3,2,1776,1114,2.0
41,2,12,2,1,0,2,3,105,2648,1.0
59,2,25,4,12,0,2,3,856,462,4.0
20,1,24,0,4,0,1,2,964,1825,2.0
27,2,20,4,5,0,3,2,2274,2071,1.0
43,1,9,0,14,0,0,3,197,361,4.0
36,0,41,1,4,0,1,1,1867,2163,5.0
69,0,6,4,12,0,2,2,2348,251,2.0
45,0,40,4,11,0,1,0,1762,461,3.0
30,1,28,4,6,0,2,0,1703,1738,4.0
43,1,20,1,15,0,0,2,1871,1186,2.0
37,0,3,1,11,0,1,1,2184,952,2.0
32,2,20,4,14,0,0,1,333,1930,4.0
51,2,32,4,13,0,0,3,1956,2091,4.0
37,1,41,3,11,0,1,1,215,955,5.0
59,1,3,1,3,0,0,0,2533,513,1.0
27,0,28,0,11,0,2,0,1230,1548,3.0
33,2,12,2,12,0,1,3,1825,1984,3.0
57,2,28,2,15,0,0,1,1945,252,1.0
68,0,5,3,11,0,0,1,1852,1689,1.0
41,0,1,4,8,0,3,2,1558,1057,4.0
31,1,19,4,14,0,0,3,110,1414,2.0
57,1,6,3,14,0,3,1,1496,1028,1.0
39,1,8,1,6,0,3,1,873,2239,2.0
39,1,39,2,5,0,1,1,1630,1959,5.0
67,0,8,1,0,0,1,3,2366,1515,2.0
55,2,3,3,1,0,0,2,2125,1756,3.0
66,0,18,1,12,0,2,0,1997,2326,5.0
59,1,17,0,15,0,3,1,1375,1159,3.0
53,0,25,2,12,0,2,0,2151,1355,3.0
38,0,36,4,8,0,3,2,1828,2585,2.0
37,1,4,3,12,0,1,3,2372,2706,5.0
65,1,12,3,8,0,3,2,2647,788,2.0
33,2,36,3,14,0,1,1,425,1725,5.0
27,2,7,4,15,0,2,3,2707,2439,3.0
48,1,15,3,1,0,0,3,1254,1233,4.0
54,1,40,4,2,0,1,0,1060,1338,1.0
19,0,33,1,0,0,1,1,2323,2385,2.0
31,2,34,0,0,0,2,2,1280,2586,2.0
46,1,28,1,8,0,2,3,678,1279,2.0
38,0,28,2,1,0,0,3,160,2696,3.0
24,0,34,4,15,0,1,2,2023,1391,4.0
46,0,36,1,12,0,0,2,2330,145,3.0
24,0,6,0,8,0,0,2,2666,1899,1.0
60,1,16,3,10,0,2,0,2101,2415,5.0
28,1,28,0,12,0,2,2,1539,2683,4.0
26,1,20,3,5,0,2,1,1815,1378,3.0
65,0,18,1,15,0,3,0,355,230,3.0
61,0,25,0,11,0,1,1,1136,855,4.0
48,0,27,2,3,0,2,1,1406,1654,4.0
68,0,24,4,8,0,0,0,911,266,5.0
68,2,3,2,8,0,1,0,901,1995,2.0
43,2,29,0,0,0,1,3,2628,2540,1.0
19,1,34,2,6,0,0,1,2177,741,5.0
54,0,15,1,9,0,3,0,2260,174,2.0
59,2,25,1,12,0,2,0,2415,751,5.0
29,2,14,2,13,0,2,0,2325,633,1.0
38,2,31,2,6,0,1,2,566,1545,3.0
43,1,16,4,1,0,1,0,2702,523,2.0
45,0,18,1,6,0,0,1,2631,956,2.0
67,0,30,1,8,0,2,3,2524,1208,5.0
64,2,19,1,0,0,2,0,2279,2635,2.0
49,0,20,3,6,0,1,1,1564,211,2.0
54,2,19,0,9,0,3,1,359,2516,1.0
60,2,36,4,8,0,3,1,2541,1902,3.0
34,2,21,1,10,0,3,1,1247,1952,5.0
26,0,5,2,3,0,0,2,1418,204,4.0
59,0,3,0,15,0,1,1,1073,2716,2.0
65,0,37,0,6,0,3,2,2320,2297,2.0
33,2,28,1,0,0,3,0,698,2093,1.0
38,2,0,1,3,0,0,3,2289,1055,2.0
44,0,14,0,14,0,2,0,2170,918,4.0
20,1,23,0,15,0,2,1,2175,2320,1.0
33,2,3,3,1,0,1,3,2711,434,2.0
69,1,23,4,15,0,3,1,1798,153,5.0
19,0,18,4,10,0,2,3,1627,731,1.0
65,2,5,1,4,0,1,2,1648,2023,2.0
32,1,41,4,8,0,3,0,1623,1108,3.0
64,2,22,4,5,0,3,1,770,150,4.0
42,1,18,3,0,0,0,1,174,593,1.0
44,0,30,1,5,0,1,0,2436,261,5.0
36,2,33,4,14,0,0,2,2056,831,3.0
27,0,4,4,1,0,1,1,481,2239,3.0
60,2,23,2,0,0,1,2,1929,348,4.0
33,1,22,0,2,0,3,3,361,2545,2.0
56,1,22,0,1,0,3,0,1566,621,5.0
23,0,12,3,6,0,2,1,2371,238,2.0
43,1,29,2,8,0,3,3,2225,312,4.0
45,0,19,0,15,0,2,1,700,812,4.0
46,0,37,0,15,0,1,2,1749,647,3.0
60,1,19,2,11,0,3,2,224,2469,5.0
52,1,25,1,0,0,1,2,2396,2381,1.0
42,0,5,3,2,0,0,1,1239,1872,2.0
34,0,28,4,10,0,0,3,1170,2430,3.0
65,0,35,0,15,0,1,2,2244,811,2.0
35,1,12,4,11,0,1,3,914,1096,1.0
70,2,33,0,4,0,2,3,537,1967,3.0
32,1,0,3,1,0,3,1,1820,1174,4.0
70,2,5,4,10,0,3,0,334,713,3.0
31,2,13,3,13,0,1,3,1848,2674,1.0
42,2,34,1,3,0,1,3,1412,1203,1.0
36,0,24,2,14,0,2,3,1957,946,1.0
35,1,32,4,5,0,1,2,2505,2526,5.0
48,0,39,4,6,0,0,2,2119,269,4.0
35,1,33,3,6,0,2,3,1432,2114,1.0
52,2,8,4,11,0,1,2,338,151,1.0
23,0,37,1,8,0,1,2,2575,995,1.0
43,0,25,3,6,0,1,1,1643,2695,4.0
25,0,12,2,5,0,0,3,1535,503,1.0
65,2,28,0,6,0,3,2,2364,1910,5.0
55,2,22,2,13,0,1,1,1211,364,1.0
31,2,38,4,0,0,3,0,2262,2694,3.0
20,2,1,1,3,0,0,1,485,505,2.0
51,2,38,4,13,0,2,3,146,1276,1.0
30,0,34,3,8,0,3,2,187,1483,1.0
53,0,23,3,8,0,1,1,2538,1001,2.0
34,1,6,2,1,0,2,3,1341,2470,3.0
26,0,33,0,14,0,3,3,1885,2289,2.0
67,1,28,3,13,0,2,2,2206,2130,3.0
60,2,5,3,6,0,2,2,2580,1973,2.0
19,0,15,2,8,0,3,2,1611,1345,1.0
54,2,19,1,13,0,2,3,1547,950,4.0
52,0,13,0,2,0,0,1,216,1346,1.0
63,2,23,0,10,0,0,2,635,485,1.0
20,0,7,3,14,0,3,1,251,295,2.0
56,2,16,2,6,0,0,0,1134,1500,5.0
46,2,11,0,7,0,3,2,2014,149,4.0
62,0,18,0,5,0,0,1,2287,2261,3.0
41,2,25,0,6,0,2,1,1258,1648,3.0
66,1,4,0,15,0,3,2,343,735,2.0
51,1,31,0,2,0,3,1,2435,2492,4.0
60,0,6,2,11,0,0,3,1712,736,3.0
51,1,9,2,7,0,1,2,750,2461,5.0
21,2,4,3,1,0,3,1,1555,2601,3.0
61,1,18,2,13,0,2,0,760,873,3.0
53,0,21,3,2,0,1,1,861,176,3.0
65,1,18,0,15,0,1,2,2226,2123,3.0
60,1,28,2,10,0,3,3,570,1754,3.0
45,1,1,3,5,0,3,2,1063,2495,2.0
44,1,27,3,13,0,0,3,2038,2355,2.0
34,1,24,1,7,0,1,3,2712,2311,4.0
34,1,14,3,15,0,2,1,211,2032,4.0
34,1,18,2,7,0,3,3,1066,777,5.0
67,2,3,4,14,0,2,3,188,722,3.0
43,0,7,1,13,0,0,3,1331,195,3.0
18,0,14,0,0,0,1,2,693,1240,1.0
44,1,38,0,6,0,1,0,246,2505,5.0
70,1,35,4,15,0,2,1,475,2720,4.0
44,2,28,1,5,0,0,2,2277,1422,2.0
44,1,31,0,9,0,0,2,440,1102,5.0
65,2,34,0,15,0,0,0,869,931,5.0
31,1,27,3,6,0,2,2,126,1256,3.0
69,1,19,3,6,0,2,1,2272,2699,2.0
31,2,11,1,1,0,3,2,2251,1757,3.0
65,1,3,4,4,0,1,3,2222,1280,3.0
41,2,12,2,13,0,2,1,568,1418,1.0
20,0,20,0,3,0,3,3,671,477,5.0
29,0,32,1,8,0,3,3,2438,1981,1.0
29,0,25,1,0,0,1,0,1214,2383,1.0
33,1,3,1,0,0,3,3,469,820,3.0
20,0,10,4,8,0,0,1,560,1880,2.0
54,0,39,4,0,0,1,2,1348,585,1.0
33,2,33,0,14,0,0,2,625,1815,1.0
64,2,9,3,4,0,1,1,876,1441,1.0
30,2,28,2,12,0,0,3,373,1290,2.0
52,1,6,3,14,0,2,1,527,439,3.0
70,0,10,4,6,0,1,2,2686,1681,3.0
27,2,1,2,11,0,2,1,1425,1723,2.0
68,2,0,3,5,0,2,0,1702,720,5.0
31,1,4,1,8,0,3,1,613,1162,5.0
60,1,34,1,4,0,1,1,2069,643,4.0
35,2,3,0,15,0,2,3,644,587,3.0
51,2,34,3,14,0,3,3,2671,675,5.0
54,0,14,3,11,0,1,3,886,1081,4.0
56,0,13,4,5,0,0,2,439,414,1.0
26,0,11,0,8,0,3,0,1353,1320,2.0
56,2,4,4,11,0,0,0,452,1335,5.0
64,1,34,2,1,0,2,3,326,1317,4.0
45,1,17,2,15,0,3,2,1601,2037,4.0
57,1,23,3,1,0,3,3,2714,1918,3.0
58,0,0,0,13,0,3,1,1770,614,5.0
20,2,27,4,11,0,1,3,859,2709,3.0
51,2,21,0,1,0,1,3,1579,1670,1.0
50,1,38,3,7,0,3,1,1457,2121,5.0
43,2,41,0,14,0,1,0,1829,1883,1.0
44,0,35,0,5,0,3,0,1934,924,4.0
38,0,34,0,13,0,3,2,1194,2510,4.0
22,1,21,4,4,0,1,2,189,189,3.0
24,1,34,2,1,0,2,0,1188,2211,4.0
56,0,15,4,4,0,2,0,468,407,1.0
45,2,16,4,11,0,1,2,1818,525,3.0
46,2,17,1,1,0,1,3,2463,1568,1.0
55,0,25,3,5,0,2,1,2449,475,3.0
30,1,19,2,10,0,0,0,652,328,5.0
20,0,40,4,12,0,0,3,912,909,3.0
30,0,1,3,12,0,3,3,1052,1753,2.0
28,1,11,4,0,0,2,2,517,1381,5.0
49,0,11,1,0,0,1,2,976,1172,3.0
20,1,3,3,4,0,2,0,2405,2443,3.0
29,0,33,4,14,0,2,3,2391,2713,1.0
28,1,3,4,12,0,2,3,1656,1241,2.0
26,0,8,0,3,0,2,3,2662,2321,4.0
53,2,8,2,13,0,0,3,2708,870,3.0
55,0,6,4,5,0,3,0,2305,1873,5.0
59,2,35,1,3,0,0,1,2057,738,3.0
30,2,2,4,4,0,3,0,1219,1125,3.0
68,1,30,0,14,0,2,1,2234,1727,1.0
56,2,7,2,14,0,3,0,340,1152,3.0
42,2,15,2,8,0,1,2,2706,2090,4.0
45,2,21,2,1,0,1,0,376,270,4.0
60,0,41,2,0,0,3,2,190,1527,5.0
56,0,9,3,12,0,2,2,2656,526,5.0
48,2,35,4,3,0,3,1,940,1105,3.0
24,1,16,4,5,0,3,2,233,819,3.0
27,0,13,4,3,0,1,3,2620,1215,2.0
22,1,29,1,7,0,3,1,692,1333,2.0
29,0,14,1,3,0,3,1,1949,2641,5.0
54,2,29,4,9,0,1,0,403,2550,2.0
55,1,8,4,1,0,0,3,1859,943,3.0
70,1,41,3,7,0,3,0,1675,578,1.0
31,1,40,0,10,0,0,0,2705,2097,3.0
52,2,11,4,1,0,0,2,957,551,1.0
30,0,15,1,6,0,3,1,2173,2697,1.0
61,0,3,1,0,0,0,3,1593,1771,3.0
56,2,16,0,11,0,0,0,2685,1229,1.0
22,2,34,3,8,0,3,1,2270,2619,3.0
32,2,2,3,3,0,2,1,1805,1863,5.0
67,2,5,2,1,0,2,0,488,2582,4.0
51,2,11,4,5,0,2,3,1992,2173,5.0
20,2,1,2,6,0,2,3,1745,1853,1.0
62,2,34,3,6,0,2,2,1001,1503,4.0
21,1,3,0,15,0,0,0,1147,1843,2.0
61,1,16,2,8,0,0,2,1265,1987,5.0
30,2,6,0,11,0,3,3,362,933,4.0
24,0,18,1,9,0,0,3,2672,1760,5.0
57,0,20,2,4,0,0,3,624,613,2.0
33,2,41,3,14,0,3,2,2236,898,4.0
56,1,23,2,2,0,0,2,1270,1116,2.0
52,1,6,4,4,0,0,2,1294,2035,3.0
41,1,6,3,9,0,1,0,1947,724,1.0
68,2,38,1,14,0,1,0,459,2613,5.0
39,0,18,3,1,0,3,0,232,961,5.0
22,0,11,3,6,0,3,0,1234,1726,1.0
27,0,14,3,13,0,2,1,1986,974,4.0
70,2,16,4,6,0,0,1,1505,691,4.0
55,2,19,0,2,0,3,2,2717,2707,1.0
55,1,11,1,15,0,2,3,2586,2537,4.0
19,0,35,3,11,0,3,0,1336,2704,3.0
38,0,26,2,6,0,1,2,1016,1639,1.0
39,2,16,2,12,0,0,2,959,2478,2.0
69,1,0,3,1,0,1,3,673,2719,4.0
34,1,34,4,0,0,2,0,1112,858,4.0
38,2,21,2,13,0,0,3,2635,1578,2.0
70,1,11,1,8,0,0,1,2157,1027,4.0
42,1,33,0,12,0,0,1,405,602,1.0
57,2,25,4,0,0,2,1,1659,2319,1.0
68,0,36,0,9,0,0,2,1787,1351,2.0
47,1,16,0,8,0,2,3,847,2682,2.0
37,2,26,3,0,0,0,1,1896,455,5.0
61,0,11,4,12,0,2,0,306,2245,3.0
18,0,21,2,1,0,1,2,2187,2263,4.0
27,0,21,1,12,0,0,1,1621,436,3.0
44,2,2,4,2,0,2,0,1427,1088,1.0
19,1,8,0,5,0,0,2,790,492,5.0
70,1,8,3,2,0,2,1,1888,2315,5.0
27,1,27,0,7,0,1,2,1664,1939,5.0
57,2,39,0,5,0,1,3,855,1167,4.0
59,0,34,0,13,0,2,3,1581,1111,5.0
59,1,26,0,1,0,3,2,2349,188,1.0
19,1,31,1,13,0,2,1,472,693,3.0
62,0,41,0,8,0,0,2,2169,495,1.0
20,2,29,1,9,0,2,3,2191,201,5.0
37,1,36,3,7,0,0,3,2590,1178,5.0
38,1,38,3,13,0,1,1,2228,322,5.0
47,0,32,1,4,0,2,3,2535,2031,1.0
53,1,15,3,13,0,0,0,954,561,4.0
26,1,34,2,14,0,1,1,737,156,5.0
42,1,26,2,1,0,3,0,2303,1665,3.0
48,2,26,0,12,0,1,1,558,1626,5.0
44,0,34,2,14,0,0,0,2408,2018,4.0
30,0,22,2,1,0,1,1,813,184,3.0
29,1,7,1,7,0,1,1,1005,2133,2.0
56,0,3,3,9,0,0,1,1469,894,2.0
68,0,20,0,7,0,2,0,1610,2499,1.0
41,0,1,4,3,0,0,1,1734,754,4.0
57,2,26,1,9,0,1,0,1755,1957,4.0
41,1,26,1,13,0,1,1,261,2174,1.0
21,2,30,1,11,0,0,2,1591,2139,1.0
25,1,29,3,1,0,1,1,2346,2250,2.0
51,2,10,1,13,0,1,2,2679,1013,3.0
52,1,2,3,0,0,0,0,2021,674,5.0
40,1,18,2,8,0,3,3,720,832,4.0
53,1,32,3,4,0,3,1,2437,2264,1.0
64,1,20,0,3,0,2,1,2576,2307,1.0
46,0,15,1,9,0,0,1,2570,339,1.0
51,0,21,1,8,0,2,0,2073,1685,3.0
26,1,9,4,5,0,1,0,809,2375,2.0
53,0,40,3,6,0,2,0,777,447,2.0
58,1,36,4,4,0,1,3,2718,1443,3.0
65,1,21,2,6,0,3,2,2716,2073,4.0
24,2,18,0,13,0,2,1,1226,853,4.0
45,0,13,4,12,0,2,1,1491,2098,1.0
35,1,23,0,10,0,2,3,963,816,3.0
38,1,37,2,4,0,1,2,2719,1789,5.0
46,1,33,0,3,0,2,1,2503,1193,2.0
45,1,31,0,12,0,3,2,384,905,4.0
20,2,6,2,7,0,0,2,2278,2155,2.0
26,0,24,4,2,0,0,1,444,932,4.0
30,2,24,3,5,0,0,0,2713,2539,5.0
28,1,22,3,14,0,3,2,2632,522,3.0
69,2,31,1,3,0,3,0,2202,1631,1.0
33,0,35,3,13,0,1,3,2574,1628,1.0
59,1,33,0,0,0,0,0,949,1032,5.0
68,1,38,0,0,0,2,1,2446,1014,2.0
51,0,8,4,15,0,1,2,1652,2645,4.0
63,1,30,1,15,0,1,0,2637,2532,4.0
44,1,8,2,15,0,2,0,2691,2183,3.0
37,1,39,0,10,0,1,3,1940,1255,2.0
59,1,40,4,1,0,0,2,1633,2465,2.0
68,0,1,3,7,0,1,0,546,2052,3.0
40,0,32,1,12,0,3,1,1150,1707,2.0
50,2,7,4,11,0,2,0,222,1901,5.0
60,0,27,4,13,0,2,2,905,2005,2.0
23,1,23,4,3,0,2,1,2043,395,5.0
19,2,9,1,10,0,0,1,801,1093,1.0
67,1,4,4,13,0,2,0,1459,456,5.0
19,1,16,3,10,0,0,2,2011,2557,4.0
64,0,21,1,12,0,2,3,1446,200,2.0
56,2,14,0,8,0,1,1,1595,363,2.0
43,2,16,4,3,0,3,1,2085,229,5.0
42,2,6,4,6,0,1,0,502,1004,1.0
26,2,21,1,6,0,1,1,516,2115,1.0
38,1,11,4,3,0,3,3,646,2366,3.0
46,0,28,1,5,0,1,2,2254,2548,4.0
42,1,18,2,14,0,3,1,1077,1927,1.0
68,1,19,3,4,0,0,0,499,967,1.0
52,2,3,3,12,0,1,1,1759,1434,5.0
28,0,40,1,14,0,3,3,1400,604,3.0
68,1,41,4,0,0,1,3,266,1857,3.0
18,2,32,3,10,0,1,3,2571,1388,5.0
44,0,13,4,6,0,0,1,2474,1147,2.0
51,1,5,3,3,0,2,0,787,1364,4.0
62,2,35,4,10,0,1,1,1042,465,2.0
45,1,17,2,4,0,3,2,1849,2220,3.0
40,0,0,1,14,0,1,0,744,1097,4.0
46,0,30,1,14,0,3,0,264,2019,5.0
54,0,14,1,3,0,1,1,364,2677,3.0
64,1,5,0,8,0,0,1,1572,1491,2.0
37,2,15,3,1,0,2,0,2423,634,2.0
68,0,41,4,14,0,1,1,2489,1024,2.0
45,2,10,3,5,0,0,0,1049,718,2.0
34,1,22,3,6,0,1,2,943,725,5.0
69,1,18,1,2,0,0,1,1222,2450,1.0
40,1,27,1,13,0,1,2,561,399,2.0
23,1,7,0,15,0,0,2,2285,659,2.0
69,1,39,1,2,0,1,1,1696,2665,5.0
22,0,28,0,11,0,3,1,317,737,3.0
60,1,25,3,7,0,2,0,421,881,3.0
20,2,18,2,11,0,1,3,1764,1791,5.0
27,1,38,3,0,0,0,0,1044,1949,5.0
63,1,29,2,5,0,3,3,846,1466,2.0
23,1,29,4,5,0,3,3,2105,1961,2.0
38,2,28,2,5,0,0,1,1988,2283,3.0
27,1,12,0,11,0,3,2,1944,508,3.0
36,1,40,4,11,0,1,2,2068,1412,2.0
61,0,32,3,7,0,2,3,792,521,1.0
25,2,24,0,3,0,3,2,634,1477,1.0
53,2,24,3,11,0,3,0,2687,1919,2.0
31,0,23,4,4,0,2,1,256,1471,5.0
48,2,8,1,15,0,3,1,1637,1431,5.0
20,2,2,1,14,0,0,3,1943,2118,4.0
60,2,12,4,12,0,0,3,2307,1625,1.0
27,2,8,0,6,0,1,2,2421,965,5.0
50,2,41,4,2,0,1,3,2605,1778,2.0
24,2,5,3,8,0,1,1,854,1664,1.0
24,2,41,4,0,0,2,0,2648,1175,5.0
54,2,3,3,10,0,2,3,429,767,5.0
22,1,40,1,12,0,3,1,1399,1243,4.0
35,0,5,4,1,0,3,0,1562,494,5.0
23,2,39,4,11,0,1,2,1387,2504,4.0
50,0,1,2,13,0,2,3,620,2024,4.0
56,2,23,3,4,0,0,2,1490,1790,1.0
60,0,1,3,8,0,0,3,960,779,3.0
39,2,37,3,10,0,2,0,1568,652,4.0
45,2,34,0,7,0,1,3,2715,1532,3.0
29,0,38,1,15,0,3,3,875,311,5.0
51,2,12,3,5,0,0,3,298,1312,1.0
34,2,10,1,2,0,2,1,1315,1925,5.0
59,0,1,1,0,0,1,0,909,2668,1.0
65,0,37,1,0,0,1,2,2341,2112,4.0
57,0,21,0,5,0,3,3,1840,575,3.0
38,1,17,3,13,0,0,1,2354,1770,5.0
33,1,28,0,1,0,3,1,636,1071,4.0
63,0,28,2,12,0,0,3,2549,2222,1.0
69,0,28,4,5,0,0,1,2026,214,1.0
55,0,15,3,4,0,3,0,2256,971,5.0
57,1,17,3,12,0,3,2,1639,2722,3.0
32,1,40,2,15,0,2,1,1013,1010,3.0
22,1,24,4,13,0,3,1,1080,2614,3.0
44,0,18,0,8,0,0,1,2710,1795,3.0
53,2,2,2,8,0,3,1,1756,1214,3.0
19,2,24,4,1,0,3,1,975,1227,4.0
52,2,18,3,11,0,1,3,156,2508,4.0
50,2,4,3,9,0,3,2,2074,2721,2.0
55,0,22,1,13,0,3,3,2271,2620,2.0
41,1,26,3,3,0,2,0,1018,2204,1.0
58,2,13,1,0,0,1,1,2566,748,2.0
25,0,15,2,9,0,0,3,2138,2120,4.0
30,1,36,4,13,0,2,1,1154,1534,5.0
45,0,25,4,6,0,0,0,1543,1535,2.0
28,2,1,4,15,0,0,1,356,1407,5.0
36,2,15,2,7,0,3,3,1858,473,4.0
49,2,34,0,11,0,0,3,1765,1476,2.0
65,2,19,1,14,0,0,1,2433,1507,5.0
60,1,14,1,13,0,2,0,360,1829,5.0
18,0,0,4,11,0,1,0,2009,569,3.0
49,2,26,4,15,0,2,3,1681,730,4.0
29,2,19,3,0,0,1,3,664,218,2.0
26,2,5,0,12,0,2,1,574,1617,1.0
27,1,40,1,14,0,2,3,972,423,4.0
49,0,28,4,8,0,2,3,563,430,4.0
66,2,9,4,7,0,3,1,1115,1046,4.0
29,2,41,3,5,0,0,2,1711,2341,1.0
63,1,23,1,14,0,3,0,2130,2669,5.0
68,1,13,3,3,0,2,0,2214,849,5.0
39,1,37,4,6,0,0,3,870,641,3.0
59,1,2,0,11,0,0,3,996,1490,3.0
33,1,2,3,15,0,2,2,2704,397,2.0
39,2,7,1,2,0,1,0,807,2248,2.0
19,0,2,3,6,0,2,3,2384,1552,5.0
43,1,37,4,14,0,2,2,1861,1590,5.0
37,1,25,1,12,0,3,2,2165,2359,1.0
65,0,17,4,4,0,3,0,2235,262,1.0
61,2,39,4,9,0,3,2,1152,2027,3.0
55,1,17,2,8,0,1,3,696,1733,5.0
18,2,31,2,2,0,0,2,1419,563,5.0
34,2,30,3,0,0,3,2,2602,1644,2.0
39,1,36,1,2,0,0,2,2481,687,3.0
23,0,12,3,3,0,3,1,1741,2138,4.0
48,2,34,4,15,0,3,0,2092,1340,2.0
51,1,2,3,13,0,0,0,1146,1360,4.0
41,0,40,3,3,0,0,2,1920,460,4.0
51,1,37,4,7,0,3,1,2210,714,4.0
54,0,20,3,2,0,3,3,2658,1870,2.0
61,2,37,4,14,0,2,0,874,2391,1.0
52,1,23,2,0,0,3,1,1704,2438,3.0
60,2,5,4,15,0,2,1,1334,1618,5.0
21,2,24,4,12,0,0,0,2426,787,4.0
25,2,33,1,4,0,2,1,159,1866,1.0
42,1,13,1,5,0,1,1,1081,2565,3.0
67,2,9,1,9,0,2,1,2368,2046,3.0
62,1,22,4,13,0,2,2,2114,272,4.0
33,2,18,1,6,0,0,1,2240,1541,2.0
60,1,41,4,15,0,2,3,2473,825,5.0
22,0,1,0,15,0,0,3,838,1744,1.0
53,0,38,3,3,0,3,1,2296,2069,4.0
24,1,26,1,14,0,3,2,1228,904,5.0
42,0,7,3,0,0,0,2,1195,466,4.0
66,2,25,3,14,0,3,2,1047,1127,4.0
53,0,39,0,8,0,2,0,1907,1824,3.0
22,1,34,4,3,0,1,2,1488,1868,3.0
65,1,8,3,15,0,2,0,727,2726,4.0
27,2,9,4,11,0,1,1,1109,1992,1.0
33,0,25,2,0,0,0,2,2721,2500,3.0
41,2,34,3,1,0,0,2,2284,1982,1.0
32,0,0,0,9,0,0,2,1281,1065,2.0
60,2,6,0,9,0,1,3,681,427,3.0
25,2,27,4,5,0,2,0,2153,657,5.0
37,0,4,2,13,0,1,0,1096,874,2.0
38,0,39,1,10,0,0,1,2143,2452,3.0
57,0,27,1,9,0,3,2,1720,2631,3.0
49,1,17,1,9,0,3,0,925,2061,5.0
21,0,22,1,12,0,3,3,766,2576,5.0
18,2,3,4,3,0,1,1,2164,2192,1.0
24,1,8,3,11,0,2,1,1826,2367,2.0
43,0,19,4,8,0,2,1,2697,1428,4.0
63,2,9,4,1,0,3,0,2033,2724,5.0
39,0,34,4,4,0,1,3,2032,1805,5.0
35,2,19,0,12,0,3,0,2659,2279,2.0
27,2,35,4,5,0,3,1,845,2085,3.0
51,0,26,2,1,0,2,2,1486,1704,4.0
27,0,29,2,10,0,3,2,1843,309,3.0
56,0,4,0,1,0,1,3,985,2413,4.0
49,1,25,2,4,0,2,0,1847,2026,4.0
40,0,8,2,14,0,1,1,743,654,4.0
63,0,11,3,0,0,0,0,253,2374,1.0
39,0,35,2,12,0,0,2,2539,2185,2.0
60,0,33,0,5,0,2,3,2357,2254,2.0
65,2,9,1,12,0,0,1,1328,1833,2.0
26,0,5,2,4,0,1,0,2502,1224,4.0
45,2,17,3,10,0,1,0,599,599,3.0
24,2,23,4,2,0,3,2,2035,1362,3.0
35,2,4,3,9,0,2,2,1218,1679,1.0
57,2,19,0,5,0,2,2,1089,1346,3.0
61,1,26,0,3,0,2,0,1312,1801,3.0
55,1,20,0,5,0,0,0,2171,2698,3.0
70,0,30,0,7,0,2,1,166,1988,2.0
38,2,21,0,4,0,2,0,826,732,5.0
29,1,24,3,15,0,0,2,1472,2700,3.0
48,0,18,4,1,0,3,3,1727,776,4.0
63,0,35,4,5,0,3,3,786,2453,1.0
68,0,26,0,6,0,3,1,450,938,1.0
48,2,21,1,14,0,2,2,877,1983,4.0
57,0,40,4,4,0,1,3,1897,1731,1.0
70,1,28,4,15,0,1,1,2640,2718,2.0
67,0,9,4,13,0,1,1,1879,294,5.0
29,1,20,1,6,0,2,2,1241,207,2.0
33,2,20,4,13,0,0,1,2347,914,1.0
48,1,0,0,8,0,1,3,2701,605,2.0
61,0,28,3,3,0,2,1,1970,1846,5.0
46,1,33,4,0,0,3,1,671,1036,2.0
38,0,32,2,14,0,1,2,1598,720,2.0
39,2,5,3,11,0,0,3,1460,415,3.0
67,1,33,0,15,0,3,0,2692,877,1.0
39,0,11,1,12,0,2,1,2643,1218,1.0
58,0,18,3,7,0,0,2,229,598,2.0
19,2,3,1,9,0,2,1,2159,2610,4.0
69,0,30,0,4,0,0,2,2167,836,1.0
22,1,22,3,2,0,3,3,1189,409,4.0
45,0,20,4,9,0,1,0,805,650,2.0
45,2,27,0,12,0,1,1,1660,1099,3.0
54,1,19,3,6,0,1,1,272,1587,4.0
31,1,1,0,3,0,1,2,2286,923,3.0
38,1,38,1,1,0,3,2,2581,1022,4.0
47,0,2,2,10,0,0,3,2493,2373,1.0
45,1,21,0,8,0,3,2,1889,2533,2.0
43,0,12,1,9,0,3,0,2521,358,1.0
65,1,17,3,15,0,1,2,293,1779,1.0
23,2,34,1,13,0,1,0,397,2717,4.0
65,2,22,1,11,0,3,1,1831,2572,2.0
35,0,12,2,13,0,1,2,1474,265,2.0
52,1,8,0,3,0,3,3,1088,1526,5.0
20,1,21,1,1,0,1,3,2385,297,2.0
63,1,22,4,5,0,1,2,1976,2541,3.0
36,0,18,3,12,0,3,0,318,442,2.0
33,0,40,1,7,0,0,0,1307,1113,3.0
37,0,8,2,5,0,3,0,1364,383,5.0
52,2,28,0,1,0,1,0,2720,622,5.0
52,2,34,0,1,0,0,3,1748,1722,3.0
35,0,41,3,0,0,1,0,645,2681,4.0
61,2,0,4,2,0,2,3,365,2686,3.0
45,1,33,2,14,0,3,0,1310,1542,5.0
25,1,34,0,13,0,0,1,2573,2714,2.0
50,2,3,3,10,0,1,0,948,625,3.0
33,1,40,4,7,0,1,0,409,577,1.0
24,0,33,4,0,0,0,2,545,335,5.0
24,2,38,0,15,0,1,1,2416,352,2.0
38,0,23,0,14,0,2,2,1615,2637,4.0
50,2,40,2,11,0,3,3,1356,1741,4.0
65,2,14,3,14,0,2,1,2010,804,4.0
53,1,16,2,6,0,3,2,2179,467,1.0
69,1,5,0,1,0,3,0,344,547,1.0
48,0,25,1,8,0,3,2,2484,2558,3.0
48,1,36,2,2,0,1,3,1436,2158,3.0
66,2,19,1,7,0,3,1,375,1822,4.0
23,1,24,4,13,0,3,0,2419,879,2.0
69,0,1,4,10,0,0,0,2292,2337,4.0
62,0,26,3,15,0,1,0,1571,2577,2.0
68,0,24,1,12,0,0,2,1682,2306,1.0
18,1,6,2,15,0,2,3,446,2529,3.0
68,2,30,1,0,0,1,3,2610,377,5.0
21,0,26,0,5,0,0,0,1951,2654,4.0
58,1,0,3,0,0,3,0,308,1593,5.0
44,2,30,3,8,0,1,0,1948,1183,3.0
29,1,33,2,6,0,0,2,2428,1207,3.0
29,1,17,3,8,0,3,1,1487,538,1.0
38,0,37,2,8,0,3,0,1215,1473,5.0
66,1,29,4,0,0,3,1,1883,1962,4.0
69,1,4,4,3,0,0,3,2525,1425,3.0
67,2,3,2,15,0,0,0,677,913,1.0
65,0,23,2,8,0,2,0,2694,2711,3.0
39,2,32,1,12,0,0,1,1223,2673,5.0
52,2,22,1,2,0,2,1,542,2556,3.0
44,2,15,2,14,0,2,1,2554,1834,1.0
51,2,32,2,12,0,2,0,2537,2468,1.0
30,1,11,2,0,0,2,3,494,999,5.0
24,2,10,4,11,0,2,1,2190,2712,3.0
18,1,35,0,2,0,2,3,1915,664,3.0
50,1,38,2,10,0,1,3,2693,1301,2.0
37,0,37,2,4,0,2,1,1600,1865,3.0
33,2,21,2,2,0,3,3,1644,1330,4.0
20,2,12,4,9,0,3,2,1358,822,3.0
30,0,41,3,13,0,0,2,2563,948,4.0
48,2,0,0,14,0,3,3,2383,2583,4.0
47,0,9,0,4,0,1,1,337,187,2.0
18,2,34,0,6,0,2,3,1729,2303,3.0
49,0,33,1,2,0,0,3,1332,1485,5.0
63,2,24,2,13,0,0,2,1605,2145,5.0
40,2,20,2,11,0,3,1,286,1645,2.0
58,2,8,0,2,0,0,1,685,1067,2.0
39,1,7,1,13,0,3,1,1210,215,3.0
46,2,7,0,8,0,0,2,1340,248,1.0
45,1,1,3,4,0,0,3,2722,646,2.0
44,0,7,1,5,0,3,2,2200,1694,3.0
26,0,3,1,5,0,1,3,704,1145,3.0
34,0,4,4,3,0,0,0,2556,1831,5.0
39,0,16,0,6,0,3,2,811,1117,1.0
32,0,21,4,10,0,2,1,2062,1221,4.0
48,1,23,0,15,0,2,0,1227,2723,2.0
33,1,14,3,0,0,2,2,1402,2725,5.0
23,0,39,1,9,0,0,1,757,1079,2.0
69,0,16,3,10,0,2,2,1669,789,5.0
43,0,32,3,9,0,0,1,1935,783,4.0
21,2,12,2,7,0,0,3,1257,243,3.0
59,0,10,1,2,0,3,1,814,1813,2.0
50,2,31,3,3,0,2,0,1721,790,1.0
68,0,13,1,8,0,0,1,2045,2685,2.0
67,1,34,3,6,0,1,2,2342,2596,1.0
29,1,25,1,4,0,1,1,1141,1410,2.0
29,1,5,2,14,0,3,0,1856,774,3.0
41,0,40,4,7,0,3,2,336,254,5.0
36,0,26,0,9,0,3,2,1556,2655,2.0
60,0,34,3,3,0,0,2,794,1627,3.0
24,2,1,3,14,0,3,1,1447,2727,3.0
63,0,18,0,15,0,2,0,1561,2064,2.0
70,1,30,0,8,0,0,0,939,1884,3.0
50,0,16,4,7,0,0,1,2695,1123,4.0
69,0,37,3,5,0,1,0,2690,2715,1.0
43,0,5,3,11,0,2,0,2388,1602,1.0
48,2,35,0,4,0,1,3,1489,1416,3.0
37,2,39,1,6,0,3,0,2249,2282,2.0
34,2,22,0,13,0,2,0,184,2251,5.0
62,0,24,3,5,0,0,2,1688,708,3.0
61,2,41,0,10,0,1,0,1553,610,5.0
54,2,11,0,14,0,1,1,1694,866,1.0
57,0,15,4,0,0,1,3,1175,580,3.0
54,1,33,2,9,0,3,1,2149,682,3.0
